agentId,area,language,firstName,lastName
1,area-4,Arabic,Mireielle,Kiendl
2,area-5,Arabic,Giacopo,Wolstencroft
3,area-1,Arabic,Gerri,Cordie
4,area-3,Arabic,Elke,Kehir
5,area-5,Hindi,Cad,Francesch
6,area-5,Mandarin,Aldric,McGeouch
7,area-5,Hindi,Harwell,D'Avaux
8,area-3,Hindi,Stinky,Snow
9,area-4,Arabic,Gabriello,McInnes
10,area-4,Arabic,Demetre,Helgass
11,area-5,Hindi,Joyann,Vispo
12,area-3,Arabic,Dunn,Gulc
13,area-5,Hindi,Carrie,Bardey
14,area-5,Hindi,Vail,Heinicke
15,area-5,Arabic,Walliw,Farnhill
16,area-5,Mandarin,Rabi,Figg
17,area-1,French,Chevy,Bazelle
18,area-5,Arabic,Piggy,Ferrai
19,area-5,Hindi,Lyell,Verick
20,area-3,Arabic,Artemus,Fontel
21,area-3,Mandarin,Darbie,Arnout
22,area-4,Arabic,Giffie,Dewdney
23,area-4,Hindi,Ikey,Bourley
24,area-3,Hindi,Enriqueta,Giffin
25,area-5,Arabic,Herschel,Putten
26,area-4,Hindi,Britt,Jensen
27,area-4,Arabic,Nada,Hoogendorp
28,area-4,Hindi,Hyacinth,Pimmocke
29,area-3,Hindi,Rance,Ferrotti
30,area-5,Russian,Priscella,Pietsma
31,area-4,Arabic,Valina,Kornacki
32,area-3,Mandarin,Guntar,Semken
33,area-5,Arabic,Muire,Ricciardiello
34,area-5,Arabic,Dulce,Jouanny
35,area-5,Arabic,Misha,Bugge
36,area-4,Hindi,Ronalda,Gawn
37,area-4,Arabic,Noellyn,Worboy
38,area-5,Mandarin,Alvera,Walles
39,area-4,Arabic,Freddi,Baff
40,area-1,Hindi,Fulton,Leet
41,area-1,Arabic,Rowney,Pavyer
42,area-3,Arabic,Sukey,Muat
43,area-5,Arabic,Ancell,Vido
44,area-5,Mandarin,Moll,Trafford
45,area-4,Arabic,Kevan,Andrault
46,area-3,Arabic,Anjela,Bareham
47,area-4,Hindi,Gilbertina,Storms
48,area-4,Arabic,Reginald,Fair
49,area-3,English,Astrix,Darridon
50,area-3,Arabic,Nye,Greenhouse
51,area-4,Hindi,Addi,Caulcott
52,area-5,Mandarin,Moira,Hallums
53,area-3,Hindi,Adolph,Grigoroni
54,area-1,Mandarin,Iorgos,Winterburn
55,area-5,Hindi,Morganica,Klammt
56,area-4,Hindi,Edyth,Trillo
57,area-5,Arabic,Conant,Pheasey
58,area-5,Arabic,Jan,Dolohunty
59,area-5,Arabic,Jacquelynn,Spensley
60,area-3,Arabic,Jaymee,Dunley
61,area-5,Hindi,Naomi,Ace
62,area-2,Arabic,Ginnifer,Heppner
63,area-3,Mandarin,Lorita,Branchflower
64,area-5,Hindi,Rodi,Petrello
65,area-5,Arabic,Griswold,Ledford
66,area-1,Arabic,Chev,Pennycuick
67,area-3,Arabic,Fabien,Cherrison
68,area-3,Arabic,Maxine,Bowcock
69,area-5,Arabic,Gerda,Hassett
70,area-5,Arabic,Aldus,McLeman
71,area-4,Arabic,Brucie,Spondley
72,area-4,Arabic,Daryl,Strangwood
73,area-3,Hindi,Nickie,Sjostrom
74,area-5,Arabic,Hugh,Naisey
75,area-5,Russian,Kent,Esselen
76,area-3,Arabic,Hyacinthia,Jeanesson
77,area-5,Mandarin,Consalve,Litherland
78,area-1,Arabic,Kesley,MacKeeg
79,area-4,Mandarin,Elia,McCleod
80,area-5,Arabic,Ania,Moger
81,area-4,Mandarin,Elka,McGeever
82,area-3,Arabic,Aarika,Loudyan
83,area-5,Hindi,Noemi,Sterre
84,area-5,Arabic,Nathalia,Camelia
85,area-4,Arabic,Deerdre,McGuff
86,area-5,Arabic,Norean,Lamplough
87,area-4,Arabic,Tootsie,Durbyn
88,area-5,Hindi,Lyda,Salzberg
89,area-5,Arabic,Harold,Navarijo
90,area-5,Arabic,Orv,Castellone
91,area-3,Arabic,Vassily,Peasey
92,area-3,Hindi,Jolene,Warboys
93,area-5,Hindi,Bondon,Filyukov
94,area-5,Mandarin,Cosme,Norcock
95,area-5,English,Monah,Perris
96,area-4,Arabic,Sheelagh,Grimmolby
97,area-3,Russian,Rustin,Donaher
98,area-5,Hindi,Marv,Caesmans
99,area-4,Hindi,Regine,Sofe
100,area-5,Arabic,Emlynne,Twidale
101,area-5,Arabic,Verina,Seeks
102,area-5,Hindi,Kellsie,Davisson
103,area-5,Hindi,Glynis,Aishford
104,area-3,Hindi,Christal,Grasha
105,area-2,Mandarin,Darlleen,Toppes
106,area-5,Arabic,Dulcia,Strutton
107,area-5,Arabic,Amalee,Byrch
108,area-5,Mandarin,Zenia,Hayne
109,area-5,Arabic,Thorvald,Hartill
110,area-5,Arabic,Eloisa,Brumhead
111,area-5,Arabic,Jocelyn,McVeighty
112,area-5,Hindi,Wenona,Farncombe
113,area-3,Russian,Rosette,Martensen
114,area-2,Russian,Sibley,Winterson
115,area-5,Arabic,Meryl,Brome
116,area-4,Arabic,Samuele,Bunworth
117,area-5,Russian,Petunia,Morgan
118,area-5,Arabic,Amandi,Hagart
119,area-5,Arabic,Arin,Astle
120,area-4,Mandarin,Hali,Harmston
121,area-2,Mandarin,Bernard,Boynes
122,area-3,Arabic,Ginny,Hastelow
123,area-5,Hindi,Kellie,Pettican
124,area-5,Arabic,Prue,Warlow
125,area-1,Arabic,Bruce,Melton
126,area-5,Arabic,Loydie,Meaden
127,area-5,Hindi,Gus,Redgewell
128,area-2,Hindi,Jorey,Hugin
129,area-4,Arabic,Shirline,Dearman
130,area-4,Arabic,Belvia,Brushfield
131,area-5,Arabic,Henka,Kernoghan
132,area-4,French,Carmina,McTurley
133,area-3,Hindi,Astrix,Kewley
134,area-5,Russian,Edythe,Tuff
135,area-4,Russian,Scotty,Phare
136,area-5,Arabic,Papagena,Wain
137,area-5,Arabic,Camellia,Nannetti
138,area-4,Spanish,Jena,Shipston
139,area-4,Arabic,Bald,Mazey
140,area-5,Arabic,Garv,Jessope
141,area-3,Arabic,Theodoric,Chelley
142,area-4,Arabic,Fayre,Labell
143,area-5,Arabic,Pavia,Aylwin
144,area-1,Arabic,Odessa,Marham
145,area-5,Hindi,Clayborne,Grishkov
146,area-5,Arabic,Jeremiah,Renad
147,area-5,Mandarin,Laughton,Arnoldi
148,area-3,Mandarin,Nehemiah,Legen
149,area-4,Arabic,Issi,McAndrew
150,area-3,Arabic,Raine,Fagg
151,area-3,Arabic,Myrvyn,Vasnev
152,area-4,Hindi,Carmita,Marson
153,area-5,Arabic,Eddy,Troop
154,area-3,Arabic,Jaquenetta,Tetlow
155,area-1,Arabic,Gallard,Siggers
156,area-4,Hindi,Cordula,Garmon
157,area-5,Arabic,Allister,Bereford
158,area-2,Arabic,Izaak,Gossling
159,area-5,Arabic,Ephrayim,Balasin
160,area-5,Hindi,Genvieve,Walding
161,area-1,Arabic,Virgil,Fritschel
162,area-4,Hindi,Booth,Tapley
163,area-4,Hindi,Karilynn,Baudesson
164,area-5,Arabic,Shem,Hurford
165,area-2,Russian,Sybila,Britten
166,area-5,Arabic,Catlin,Durling
167,area-4,Russian,Desiree,Buddell
168,area-5,Arabic,Nealy,Widdicombe
169,area-4,Hindi,Carline,Riddiford
170,area-5,Arabic,Moreen,Malloy
171,area-5,Mandarin,Huey,MacGuiness
172,area-4,Hindi,Dalenna,Dalliston
173,area-5,Arabic,Izak,Undrell
174,area-5,Arabic,Karol,Teliga
175,area-4,Mandarin,Claudine,Chant
176,area-4,Arabic,Barbi,Granger
177,area-5,Arabic,Margarete,Riggert
178,area-5,Hindi,Ignacius,Seeborne
179,area-1,Mandarin,Rutledge,Jados
180,area-5,Arabic,Briggs,Bratt
181,area-5,Hindi,Nicole,Gaveltone
182,area-3,Hindi,Andrea,Barrie
183,area-4,Hindi,Evelyn,Union
184,area-5,Mandarin,Nara,Fintoph
185,area-5,Hindi,Tracy,Norkett
186,area-1,Mandarin,Stevena,Coghlan
187,area-5,Hindi,Elle,Fayne
188,area-3,Arabic,Brockie,Larmor
189,area-5,Arabic,Arny,Jozwik
190,area-5,Hindi,Vonny,Robinette
191,area-5,Arabic,Blayne,Bonney
192,area-5,Arabic,Yurik,Barkas
193,area-5,Arabic,Gnni,Garnul
194,area-5,Spanish,Mohandis,Turneaux
195,area-5,Arabic,Kaylil,Kaley
196,area-5,Hindi,Alec,Speirs
197,area-5,Arabic,Elisha,Mobberley
198,area-1,Arabic,Neron,MacDaid
199,area-5,Mandarin,Sidonnie,Revey
200,area-5,Russian,Marnie,Hargey
201,area-5,Arabic,Didi,Course
202,area-5,Mandarin,Ali,Coxen
203,area-2,Arabic,Odell,Dur
204,area-4,Russian,Karlen,Allabush
205,area-5,Russian,Amber,Myton
206,area-4,Arabic,Salomi,Rockcliffe
207,area-5,Arabic,Tibold,Rowney
208,area-5,Hindi,Jaclyn,Aird
209,area-5,Arabic,Barris,Smithe
210,area-5,Hindi,Niall,Wildman
211,area-5,French,Humbert,Goss
212,area-4,Mandarin,Andie,Reisenstein
213,area-5,Arabic,Maure,Thrower
214,area-3,Arabic,Vita,Trowle
215,area-5,Hindi,Chariot,Ferrick
216,area-5,Hindi,Carlie,Boyfield
217,area-4,Arabic,Carena,Best
218,area-5,Arabic,Rodina,Belcher
219,area-4,Arabic,Laurent,Palluschek
220,area-5,Arabic,Wainwright,Asbury
221,area-5,Arabic,Karlan,Leggen
222,area-5,Arabic,Malva,Di Giacomo
223,area-5,Hindi,Gabe,O'Hartnett
224,area-2,Arabic,Heinrik,Lumbley
225,area-5,Spanish,Philomena,Tooke
226,area-4,Hindi,Kristan,Garmey
227,area-4,Hindi,Laureen,Lansdale
228,area-4,Mandarin,Trenton,Cash
229,area-5,French,Ophelia,Berrycloth
230,area-3,Mandarin,Shirl,Harce
231,area-1,Russian,Laurie,Ingleson
232,area-5,French,Lotte,Caird
233,area-3,Arabic,Andriana,Stute
234,area-5,Arabic,Muhammad,Crippes
235,area-5,Russian,Nataniel,Leat
236,area-5,Spanish,Gearard,Pomphrey
237,area-5,Arabic,Mata,Bertram
238,area-4,Arabic,Erie,McKeachie
239,area-2,Hindi,Sterling,Frenchum
240,area-5,Arabic,Constantina,Benedtti
241,area-4,Hindi,Helen,Sanchez
242,area-2,Spanish,Tymon,Craggs
243,area-5,Arabic,Barbabra,Gwilliams
244,area-5,Hindi,Ulises,Gascoyen
245,area-4,Spanish,Arman,Midford
246,area-5,Russian,Marian,Anstead
247,area-5,Arabic,Madlin,Henrichsen
248,area-5,Arabic,Elysee,Cummine
249,area-4,Arabic,Corene,Matanin
250,area-4,Hindi,Archambault,Klemensiewicz
251,area-5,Arabic,Harriet,Worms
252,area-4,Hindi,Asher,Pollastrino
253,area-4,Hindi,Izabel,Ledwich
254,area-2,Arabic,Ardelis,Cuthill
255,area-4,Mandarin,Dacy,Upsale
256,area-5,Hindi,Nettle,Isacq
257,area-5,French,Pace,Korpal
258,area-5,Arabic,Mercy,Eles
259,area-4,Mandarin,Fayre,Kunkler
260,area-5,Hindi,Penelope,Deam
261,area-4,Arabic,Fayina,Yurov
262,area-5,Hindi,Benedict,Pray
263,area-5,Arabic,Ignace,Daniaud
264,area-5,Arabic,Lenci,Gerrell
265,area-4,Arabic,Ephrayim,Storr
266,area-3,Arabic,Kelila,Thon
267,area-4,Hindi,Ozzie,Huxstep
268,area-5,Arabic,Saundra,Allbon
269,area-1,Arabic,Rockey,Jann
270,area-4,Hindi,Joycelin,Sayce
271,area-2,Mandarin,Morey,McNabb
272,area-5,Arabic,Gusta,Densumbe
273,area-5,Hindi,Alikee,Ethridge
274,area-4,Spanish,Paxton,Walshe
275,area-5,Arabic,Torrence,Donn
276,area-4,Arabic,Rossie,Savill
277,area-3,Hindi,Ricca,Levecque
278,area-5,Mandarin,Magda,O'Geneay
279,area-4,Arabic,Maxie,McNaughton
280,area-5,Mandarin,Rowney,Nys
281,area-5,Arabic,Bernice,Attersoll
282,area-5,Hindi,Herrick,Lewson
283,area-4,Arabic,Sallie,Howman
284,area-4,Hindi,Doralin,Steutly
285,area-4,English,Addie,Branscombe
286,area-3,Arabic,Milty,Diggens
287,area-5,Mandarin,Tan,Kendrew
288,area-4,Hindi,Rogers,Pethybridge
289,area-5,Russian,Erie,Fearneley
290,area-5,English,Mose,Lindl
291,area-5,Arabic,Zilvia,Bomb
292,area-5,Hindi,Alina,Ratledge
293,area-1,Mandarin,Rosie,Albinson
294,area-5,Russian,Dulce,Nunson
295,area-5,Hindi,Rey,Sanpere
296,area-3,French,Edgardo,Creus
297,area-3,Mandarin,Sherill,Yakob
298,area-4,Arabic,Evangelia,Roath
299,area-5,Arabic,Rhetta,Derkes
300,area-1,Hindi,Sascha,Weatherill
301,area-4,Arabic,Clayborne,Figin
302,area-5,Arabic,Zoe,MacAindreis
303,area-5,Hindi,Joana,Housley
304,area-3,Arabic,Luke,Dibner
305,area-5,Arabic,Darius,Idiens
306,area-5,Hindi,Ariel,Beddoes
307,area-5,Hindi,Davide,Andreou
308,area-3,Hindi,Joelly,Letterese
309,area-4,Mandarin,Allison,Quantick
310,area-5,Arabic,Zane,Yerson
311,area-5,Arabic,Marleah,Campany
312,area-3,Russian,Adorne,Batchelar
313,area-5,Mandarin,Lizabeth,Bramstom
314,area-4,Hindi,Leona,Yaknov
315,area-3,Arabic,Opaline,Joice
316,area-3,Hindi,Marice,Brixey
317,area-4,Hindi,Marissa,Adanet
318,area-5,Arabic,Rana,McKim
319,area-2,Arabic,Portie,Schulz
320,area-5,Mandarin,Weston,Filoniere
321,area-5,Hindi,Daffie,Manach
322,area-1,Arabic,Darelle,Hatfull
323,area-4,Arabic,Carver,Rosendall
324,area-5,Arabic,Jarrod,Ruffle
325,area-4,Mandarin,Guthrie,Binton
326,area-4,Arabic,Zsa zsa,Dimnage
327,area-3,Arabic,Vernor,Gwyther
328,area-1,Hindi,Leola,Grishmanov
329,area-5,Arabic,Beatrix,Beams
330,area-2,French,Woodman,Hullbrook
331,area-5,Arabic,Angelika,Gabbetis
332,area-5,Spanish,Ashlin,Opie
333,area-5,Arabic,Olivie,Whebell
334,area-4,Hindi,Hube,Hembling
335,area-5,Arabic,Emmery,Cowin
336,area-5,Arabic,Hyman,Crossan
337,area-5,Hindi,Sheffie,Balazs
338,area-5,Arabic,Hersch,Olle
339,area-5,Arabic,Kissie,Arkley
340,area-3,Arabic,Ariel,Towey
341,area-4,Hindi,Tybie,Bangle
342,area-4,Arabic,Sibley,Pressdee
343,area-5,Hindi,Arnaldo,Shafier
344,area-1,Hindi,Beverie,Llywarch
345,area-3,Russian,Arielle,Broadhurst
346,area-5,Hindi,Veronika,Jevon
347,area-4,Hindi,Serge,Pattesall
348,area-3,Arabic,Gleda,Mitten
349,area-4,Arabic,Leona,Brierton
350,area-3,Arabic,Janos,Brine
351,area-1,Hindi,Miriam,Agnew
352,area-3,Hindi,Travers,Heams
353,area-5,Mandarin,Morgan,Vasilischev
354,area-4,Arabic,Glenda,Crossley
355,area-5,Arabic,Tessie,Hazeup
356,area-5,Arabic,Lise,Popplestone
357,area-5,Russian,Ailee,Aberdalgy
358,area-5,Hindi,Crosby,Scneider
359,area-5,Hindi,Vinson,De la Yglesias
360,area-1,Hindi,Yehudit,Dilworth
361,area-3,Arabic,Anna-maria,Instock
362,area-2,Arabic,Tatiana,Villar
363,area-3,Hindi,Reggi,Tales
364,area-5,Arabic,Susie,Thackham
365,area-5,Arabic,Garry,Franchi
366,area-3,Hindi,Katee,Edon
367,area-3,Hindi,Dagmar,McNamee
368,area-4,Arabic,Maryellen,Compford
369,area-2,Arabic,Lucinda,Haken
370,area-5,Russian,Arabelle,Sannes
371,area-5,Arabic,Klement,McFee
372,area-5,Arabic,Lebbie,Tatam
373,area-3,Mandarin,Duke,Longfut
374,area-3,French,Krissy,Lukins
375,area-4,Hindi,Danette,Folds
376,area-4,Mandarin,Fanya,Garci
377,area-5,Mandarin,Sampson,Murrey
378,area-5,Hindi,Franny,Lowthorpe
379,area-5,Mandarin,Giffard,Dreng
380,area-4,Mandarin,Madelena,Broughton
381,area-5,Hindi,Otho,Dashkovich
382,area-5,Arabic,Caitrin,Volage
383,area-3,Arabic,Goldarina,Beneix
384,area-4,Mandarin,Bernarr,Windibank
385,area-3,French,Currey,Harriday
386,area-5,Arabic,Morten,Simionescu
387,area-5,Hindi,Tabina,Eginton
388,area-5,Arabic,Kath,Puddan
389,area-5,Hindi,Thaine,Lorenzo
390,area-3,French,Nelie,Larciere
391,area-5,Arabic,Yevette,Hodcroft
392,area-5,Arabic,Margot,Nealey
393,area-4,Arabic,Findlay,McCallister
394,area-4,Hindi,Guillemette,Tidgewell
395,area-4,Mandarin,Stacee,Filipczak
396,area-4,English,Luce,Dyerson
397,area-4,Arabic,Sheffie,Bagot
398,area-4,Hindi,Veriee,Kirvin
399,area-3,Mandarin,Kaitlynn,Rosario
400,area-4,Hindi,Logan,Puig
401,area-4,Arabic,Lemmy,Ainger
402,area-4,Arabic,Joice,Basillon
403,area-4,Arabic,Sawyere,Poore
404,area-1,Hindi,Klaus,Dahlgren
405,area-4,French,Kendal,Espinoza
406,area-5,Arabic,Lilyan,Chittem
407,area-5,Arabic,Fallon,Pennone
408,area-3,Arabic,Mellisa,Dagless
409,area-3,Mandarin,Guillermo,Stit
410,area-5,Arabic,Ruy,Kittredge
411,area-4,Hindi,Adelina,Greetham
412,area-5,Mandarin,Zea,Litterick
413,area-4,Arabic,Fanechka,Hennemann
414,area-3,Arabic,Garry,Huison
415,area-4,Arabic,Skippie,Finker
416,area-3,Russian,Rikki,Moodey
417,area-4,Arabic,Albina,Paoli
418,area-5,Arabic,Rebecka,Merrydew
419,area-3,Arabic,Zita,Creigan
420,area-2,Hindi,Rickie,Chasier
421,area-4,Hindi,Larissa,Kloss
422,area-5,Arabic,Rahal,Rodder
423,area-5,Arabic,Reyna,Lightwing
424,area-3,English,Gabi,Wardley
425,area-5,Spanish,Alina,Donisi
426,area-3,Arabic,Elvira,Vedenyakin
427,area-5,Arabic,Agnese,Greatbanks
428,area-3,Arabic,Carrol,Koles
429,area-5,Arabic,Kendell,Nockles
430,area-5,Hindi,Ronda,Crawcour
431,area-5,Arabic,Aksel,MacSwayde
432,area-4,Mandarin,Rae,Simmings
433,area-4,Hindi,Kati,Hayton
434,area-4,Hindi,Issiah,Dearnly
435,area-2,Mandarin,Margette,Tuberfield
436,area-4,Mandarin,Hendrick,Benninck
437,area-5,Hindi,Westleigh,Redbourn
438,area-5,Arabic,Issiah,Matthiesen
439,area-5,Arabic,Elna,Ragsdale
440,area-5,Arabic,Brianna,Highway
441,area-5,Mandarin,Lauritz,de Clerq
442,area-5,Arabic,Justis,Riolfi
443,area-3,Russian,Judy,Sheen
444,area-4,Hindi,Julienne,Gudger
445,area-1,Arabic,Norri,Tankus
446,area-1,Arabic,Bessy,Towhey
447,area-4,Russian,Lila,Yitzovitz
448,area-4,Hindi,Berte,Cashell
449,area-5,Russian,Brand,Johnsson
450,area-5,French,Benoite,Raggitt
451,area-5,Hindi,Grazia,Garlick
452,area-4,Arabic,Ira,Trask
453,area-5,Hindi,Ario,Zanardii
454,area-5,Arabic,Jasun,Brafferton
455,area-5,Arabic,Archy,Van der Mark
456,area-3,Mandarin,Jarad,Gillice
457,area-1,Hindi,Cole,Chalice
458,area-5,Arabic,Pat,Burgen
459,area-4,Arabic,Rossy,Wheildon
460,area-3,Hindi,Rhodia,Seymer
461,area-5,Russian,Joye,Lainge
462,area-5,Arabic,Jerrilee,Dowzell
463,area-5,Mandarin,Gert,Shadrack
464,area-5,Arabic,Xerxes,Campanelli
465,area-3,Arabic,Massimo,Attrey
466,area-5,Russian,Kaila,Maynard
467,area-5,Mandarin,Kelvin,Broadwell
468,area-5,Hindi,Pat,Schlagman
469,area-5,French,Garrard,Mankor
470,area-4,Spanish,Isaak,De Freyne
471,area-5,Hindi,Freemon,Ferraresi
472,area-5,Arabic,Emmalynn,Reihill
473,area-4,Mandarin,Patten,Clackson
474,area-5,Arabic,Franky,Grindell
475,area-4,Arabic,Catharina,Twelvetree
476,area-4,Arabic,Sigmund,Chaperling
477,area-4,Arabic,Barri,Piotr
478,area-3,Arabic,Wynn,Olland
479,area-1,Mandarin,Raimondo,O'Doohaine
480,area-1,Arabic,Devin,Temprell
481,area-4,Mandarin,Dinnie,Sofe
482,area-4,Hindi,Udale,McGougan
483,area-5,Mandarin,Waldo,Dunford
484,area-5,Hindi,Sande,Hounsom
485,area-4,Arabic,Pietra,Whytock
486,area-3,Hindi,Barny,Hedworth
487,area-5,Arabic,Eddie,Kersaw
488,area-5,Arabic,Milty,Pfleger
489,area-5,Hindi,Vikky,Brewitt
490,area-5,Mandarin,Shurlock,Colbridge
491,area-5,Arabic,Fidelio,McCrohon
492,area-1,Mandarin,Tabb,Klimes
493,area-5,Arabic,Rudy,Stranieri
494,area-5,Arabic,Howie,Screwton
495,area-4,Russian,Gertrud,Randles
496,area-3,Arabic,Ashlee,Dufoure
497,area-5,Arabic,Arlan,Korn
498,area-1,Arabic,Kyle,Murrum
499,area-3,Arabic,Gay,Gerckens
500,area-3,Arabic,Loleta,Themann
501,area-5,Hindi,Harley,Scargle
502,area-3,Arabic,Lissi,McElmurray
503,area-5,Russian,Cassondra,Bainbrigge
504,area-4,Mandarin,Bjorn,MacPaik
505,area-5,Mandarin,Stephanie,Orgel
506,area-5,Mandarin,Alanna,Greatex
507,area-5,Arabic,Elysia,Folomin
508,area-4,Hindi,Greta,Maffiotti
509,area-4,Hindi,Constantine,Baldery
510,area-5,Arabic,Walsh,Semmence
511,area-5,Arabic,Edvard,Townsley
512,area-3,Arabic,Rudy,Nowill
513,area-1,Arabic,Hilary,Mussetti
514,area-2,Arabic,Reece,Gawthorpe
515,area-5,Hindi,Datha,Thorogood
516,area-5,Hindi,Darci,Gilligan
517,area-5,Mandarin,Kelvin,Archibould
518,area-4,Hindi,Jilli,Tabour
519,area-4,Russian,Fidelia,Klimuk
520,area-5,Arabic,Ward,Scobie
521,area-5,Hindi,Dehlia,Messier
522,area-3,Mandarin,Laurens,Scotson
523,area-4,Arabic,Lutero,Slocomb
524,area-1,Hindi,Duffy,Gowrich
525,area-5,Arabic,Margarethe,Buchanan
526,area-3,Hindi,Rhianna,McCarty
527,area-4,Hindi,Catlaina,Greenhalf
528,area-5,Hindi,Tanner,Poskitt
529,area-5,Russian,Mathilde,Marzele
530,area-5,Arabic,Liv,Leyden
531,area-5,Arabic,Lavinie,Blacksell
532,area-1,Arabic,Edsel,Lumbly
533,area-5,Arabic,Betteann,Arr
534,area-3,Arabic,Hayes,Bevens
535,area-5,Arabic,Kermy,Garnam
536,area-4,Arabic,Kare,Vears
537,area-5,Arabic,Harry,Cadney
538,area-5,Arabic,Malvin,Lown
539,area-5,French,Ed,Aldwich
540,area-4,Hindi,Zedekiah,Stainton - Skinn
541,area-5,Hindi,Alisun,Bromhead
542,area-5,Arabic,Brandise,Wedmore
543,area-3,Arabic,Taber,McMearty
544,area-3,Arabic,Oralee,Ganny
545,area-3,Hindi,Gail,Squibb
546,area-2,Arabic,Bartolemo,Smees
547,area-5,Hindi,Jeno,Gwinnell
548,area-1,Mandarin,Auroora,Kinvig
549,area-4,Russian,Lydon,Stork
550,area-4,Arabic,Orly,Thonason
551,area-1,Hindi,Celeste,Grundle
552,area-5,Hindi,Clarie,Surgener
553,area-3,Arabic,Sarette,Severwright
554,area-4,Mandarin,Dennison,Wagon
555,area-2,Arabic,Lauren,Tuxell
556,area-2,Arabic,Flossi,Culmer
557,area-2,Mandarin,Damon,Livingston
558,area-5,Russian,Wynne,Havick
559,area-1,Arabic,Gardie,Conws
560,area-3,Hindi,Romola,Albin
561,area-5,Spanish,Burke,Prendergrast
562,area-2,Arabic,Tatiania,Iuorio
563,area-5,Mandarin,Giuditta,Breach
564,area-4,Arabic,Burtie,Mealiffe
565,area-5,Arabic,Chrissy,Skace
566,area-1,Arabic,Petey,Heaven
567,area-5,Russian,Lindsy,Rymmer
568,area-2,Hindi,Gerri,Rodder
569,area-5,Hindi,Verene,Rontsch
570,area-3,Arabic,Klement,Ambrus
571,area-5,English,Ancell,Hebbs
572,area-4,Hindi,Benedick,Pilipets
573,area-5,Arabic,Meg,Larwood
574,area-1,Hindi,Paco,Goakes
575,area-5,Hindi,Abbe,Fredi
576,area-5,Hindi,Florina,Fowles
577,area-3,Mandarin,Winfred,Wassung
578,area-5,Mandarin,Lorettalorna,Byforth
579,area-1,Hindi,Rudiger,Gremain
580,area-4,Hindi,Adi,Lampen
581,area-3,Arabic,Anastassia,Louys
582,area-3,Arabic,Lucinda,Shawel
583,area-4,Arabic,Eugenia,Picton
584,area-5,Arabic,Flore,Lapslie
585,area-4,Arabic,Klemens,Dudgeon
586,area-5,Arabic,Ches,Hinstock
587,area-4,Arabic,Roshelle,Osgar
588,area-5,Hindi,Alane,Puddin
589,area-5,Hindi,Elli,McLemon
590,area-5,Arabic,Rosalind,Lineker
591,area-4,Arabic,Chloe,Jakoubek
592,area-2,Russian,Ellen,Goggan
593,area-5,Russian,Lannie,Le Provost
594,area-5,Mandarin,Tristam,Cubberley
595,area-5,Arabic,Bail,Ackred
596,area-5,Hindi,Wandis,Whaplington
597,area-5,Arabic,Lauraine,Curro
598,area-2,Hindi,Caryn,Dukelow
599,area-5,Arabic,Kristo,Lodo
600,area-5,Mandarin,Rubie,Leggate
601,area-5,Arabic,Jae,Pannett
602,area-5,Hindi,Barbabra,McGoon
603,area-5,Arabic,Alma,Burnham
604,area-1,Mandarin,Marvin,Gori
605,area-3,Russian,Hetty,Haywood
606,area-4,Arabic,Raphael,McDonogh
607,area-5,Arabic,Marcella,Penniell
608,area-5,Mandarin,Matthias,Dunbobin
609,area-5,Arabic,Garv,Patifield
610,area-4,Hindi,Ermengarde,Lindell
611,area-5,Mandarin,Kacie,Spilsbury
612,area-3,Mandarin,Vince,Quinion
613,area-5,Arabic,Margaret,Stoacley
614,area-3,Arabic,Milo,Brumfitt
615,area-5,Arabic,Hinda,Leheude
616,area-3,Mandarin,Kilian,Corpes
617,area-5,Mandarin,Ichabod,Fedorchenko
618,area-3,Russian,Fredek,Huddlestone
619,area-5,Hindi,Darbie,Rampton
620,area-3,Arabic,Beltran,Jackways
621,area-4,Hindi,Owen,Parsand
622,area-2,Hindi,Gunther,Tumielli
623,area-4,Arabic,Shepherd,Augar
624,area-5,Mandarin,Milt,Goldingay
625,area-5,English,Tabbitha,Kenny
626,area-5,Arabic,Udale,Antonelli
627,area-5,Arabic,Shellysheldon,Espine
628,area-3,Arabic,Christi,Banton
629,area-1,Arabic,Vivianne,Brayn
630,area-4,French,Charla,Brouncker
631,area-5,Arabic,Branden,Le Marquis
632,area-2,Hindi,Gleda,Wateridge
633,area-4,Hindi,Kalli,Brookzie
634,area-3,Arabic,Yalonda,Erwin
635,area-3,Arabic,Pamela,Mashal
636,area-3,Mandarin,Vittoria,Densun
637,area-5,Hindi,Bernetta,Smees
638,area-4,Hindi,Ossie,Chable
639,area-2,Mandarin,Bartram,Whitehair
640,area-3,Arabic,Sarita,Gimert
641,area-5,Arabic,Karie,Kirkman
642,area-3,Arabic,Letta,Disbrey
643,area-3,Arabic,Freddie,Dranfield
644,area-5,Arabic,Phineas,Sive
645,area-4,Hindi,Chelsy,Crocetti
646,area-2,Arabic,Celie,McLugish
647,area-5,Arabic,Quillan,Petrol
648,area-3,Arabic,Casie,Americi
649,area-4,Hindi,Arvie,Dunsmore
650,area-3,Hindi,Alys,Coxon
651,area-4,Arabic,Derwin,Strotton
652,area-5,Arabic,Spenser,Cottey
653,area-4,Russian,Devy,Greschke
654,area-5,Hindi,Dillon,Kulas
655,area-5,Arabic,Douglas,Thompstone
656,area-5,Hindi,Sharity,Yven
657,area-4,Arabic,Rosemaria,Brister
658,area-5,Arabic,Nanon,Gowdie
659,area-3,Russian,Horton,O'Heffernan
660,area-5,Arabic,Gottfried,Hanny
661,area-4,Mandarin,Ivory,O'Corrane
662,area-3,Arabic,Tomi,Benny
663,area-4,Arabic,Sharon,Blinckhorne
664,area-2,Hindi,Orella,Emer
665,area-3,Mandarin,Coraline,Phripp
666,area-5,Arabic,Eartha,Gerrard
667,area-5,Hindi,Shaine,Pryn
668,area-5,Arabic,Neale,Gammill
669,area-4,Arabic,Brena,Chidgey
670,area-5,Arabic,Everard,Vlasov
671,area-5,Russian,Delbert,Dmych
672,area-5,Hindi,Waldon,MacDonagh
673,area-5,Arabic,Drud,Tyrone
674,area-1,Mandarin,Lowrance,Siggers
675,area-5,Arabic,Hephzibah,Swindin
676,area-5,Russian,Violante,Bentjens
677,area-5,Arabic,Sidoney,Boulde
678,area-5,Mandarin,Kermy,Rabley
679,area-5,French,Derward,Mumby
680,area-4,Arabic,Ollie,Reyson
681,area-5,French,Martha,Bodker
682,area-5,Arabic,Scot,D'Costa
683,area-5,Hindi,Weidar,Hulles
684,area-4,Arabic,Kim,Trivett
685,area-5,Hindi,Roanna,Trowbridge
686,area-5,Arabic,Aridatha,Jeskins
687,area-4,Arabic,Bendite,Napolione
688,area-2,Arabic,Paulie,Privost
689,area-4,Hindi,Leon,Chifney
690,area-5,Hindi,Wilfrid,Andryszczak
691,area-3,Arabic,Johnath,Karpf
692,area-4,Hindi,Clari,Bernasek
693,area-5,Hindi,Verge,Titterington
694,area-4,Arabic,Alwin,Beagan
695,area-5,Arabic,Jervis,Broke
696,area-5,Arabic,De,Slora
697,area-3,Russian,Manuel,Gleeton
698,area-5,Hindi,Babara,Stollenwerck
699,area-5,Arabic,Rossie,Goslin
700,area-5,Arabic,Carolyn,Piddock
701,area-5,French,Gennifer,Mimmack
702,area-5,Mandarin,Debi,Seiler
703,area-5,Russian,Gerianne,Phlipon
704,area-3,Arabic,Adriane,Walley
705,area-5,Mandarin,Reid,Hebbs
706,area-4,Hindi,Vail,Penny
707,area-4,Russian,Joby,Rawll
708,area-5,Arabic,Hardy,Havercroft
709,area-5,Arabic,Lauralee,Tither
710,area-4,Arabic,Holmes,Connechy
711,area-5,Arabic,Luciana,Franchyonok
712,area-5,Hindi,Myca,Potebury
713,area-4,Arabic,Dory,Lequeux
714,area-5,Arabic,Maxie,Gini
715,area-1,Hindi,Ainsley,Kubasek
716,area-5,Russian,Julie,Kindleside
717,area-4,Arabic,Aleece,Ort
718,area-5,Mandarin,Micah,Madre
719,area-5,Arabic,Irma,Sexti
720,area-4,Arabic,Otes,Myderscough
721,area-5,Arabic,Orsa,Hurburt
722,area-4,Mandarin,Umeko,O'Leahy
723,area-5,Mandarin,Callean,Heinl
724,area-2,Mandarin,Lauri,Capelin
725,area-1,Russian,Sig,Rooney
726,area-2,Arabic,Liliane,Dionis
727,area-5,Hindi,Lisha,Egdell
728,area-5,Arabic,Tandy,Old
729,area-3,Arabic,Brett,Penquet
730,area-4,Hindi,Derwin,Brisse
731,area-5,Arabic,Emilee,Kippling
732,area-4,Arabic,Brenna,Lowerson
733,area-4,Arabic,Clevie,Broseke
734,area-3,Arabic,Marie,Breach
735,area-3,Arabic,Christen,Tibb
736,area-4,Arabic,Berkie,Merwede
737,area-3,Hindi,Noelle,Ortell
738,area-1,Arabic,Thaddeus,Horry
739,area-5,Arabic,Lavina,Gentil
740,area-4,Arabic,Robyn,Cogley
741,area-4,Hindi,Sarene,Tiffany
742,area-4,Russian,Juliana,Haug
743,area-5,Hindi,Pauli,Filchakov
744,area-2,Arabic,Vitia,Woodger
745,area-2,Russian,Gabriele,Guerrieri
746,area-2,Arabic,Paton,Elphey
747,area-4,Hindi,Ursulina,Pulteneye
748,area-5,English,Ernaline,Summerly
749,area-4,Arabic,Everard,Fronzek
750,area-4,Mandarin,Devonne,Bridgstock
751,area-3,Arabic,Stinky,Rizzillo
752,area-5,Hindi,Garth,Cheng
753,area-4,Mandarin,Sadye,Deeman
754,area-4,Hindi,Pascal,Castledine
755,area-2,Hindi,Burt,Ghost
756,area-2,French,Sherline,Mitham
757,area-5,Hindi,Brose,McGraw
758,area-4,Mandarin,Samuele,Maclean
759,area-5,Arabic,Beauregard,Yanez
760,area-2,Russian,Harli,Rose
761,area-3,Mandarin,Aidan,Floyed
762,area-5,Arabic,Ysabel,McNickle
763,area-5,Russian,Jodi,Rowden
764,area-5,Arabic,Kori,Hritzko
765,area-1,Arabic,Hershel,M'Quharge
766,area-4,Arabic,Emma,Renney
767,area-5,Arabic,Amby,Prandini
768,area-5,Arabic,Berget,Auden
769,area-4,Russian,Claresta,Reschke
770,area-4,Mandarin,Reginald,Coggins
771,area-4,Arabic,Olivette,Filyushkin
772,area-5,Arabic,Brynna,Craster
773,area-5,Mandarin,Sherilyn,Crat
774,area-5,Hindi,Lib,Laffan
775,area-2,Hindi,Hinze,Heater
776,area-4,English,Neal,Thew
777,area-5,Arabic,Ernst,Daniells
778,area-5,Mandarin,Anthea,Offin
779,area-4,Arabic,Tommie,Ygou
780,area-5,Hindi,Ronnica,Athow
781,area-5,Russian,Marwin,Lyffe
782,area-3,Arabic,Priscilla,MacNab
783,area-1,Arabic,Cati,Worsnap
784,area-5,Arabic,Ewart,Brownfield
785,area-4,Hindi,Seward,Vickors
786,area-5,Mandarin,Heywood,Iskowicz
787,area-4,Arabic,Miller,Gotcliffe
788,area-4,Arabic,Reade,Robarts
789,area-5,Hindi,Felix,Walewicz
790,area-4,Hindi,Donal,Boatman
791,area-4,Hindi,Jena,Dufaire
792,area-4,Arabic,Petr,Normandale
793,area-5,Mandarin,Laurent,Teacy
794,area-4,Spanish,Conni,Nuton
795,area-4,Arabic,Chrissy,Wickersley
796,area-3,Arabic,Marlo,Medforth
797,area-4,Mandarin,Dela,Beardmore
798,area-2,Arabic,Stanford,Rantoull
799,area-5,Hindi,Annis,Frean
800,area-5,Arabic,Lilyan,Escoffrey
801,area-5,English,Hamilton,Giraudo
802,area-5,Spanish,Drusilla,Levicount
803,area-4,Arabic,Flemming,Jertz
804,area-3,Mandarin,Chandal,Breen
805,area-5,Arabic,Quintina,Oak
806,area-2,Hindi,Austine,Lurcock
807,area-5,Arabic,Timotheus,Apperley
808,area-5,Spanish,Ula,Wint
809,area-3,Hindi,Otha,Pinar
810,area-3,Hindi,Chicky,Aluard
811,area-5,Arabic,Benny,Raspison
812,area-5,Arabic,Frasco,Hellwich
813,area-5,Hindi,Eve,Mangeney
814,area-2,Arabic,Benjy,Troy
815,area-1,Arabic,Elsinore,Sibery
816,area-4,Mandarin,Gwennie,Patient
817,area-1,Arabic,Corney,Mallon
818,area-5,Hindi,Sherwynd,Boice
819,area-2,Arabic,Jobi,Danher
820,area-4,Arabic,Shea,Jullian
821,area-1,Russian,Otes,Rallin
822,area-2,Mandarin,Camila,Halston
823,area-5,Arabic,Murial,Flintoff
824,area-5,Arabic,Taber,Folomkin
825,area-5,Hindi,Chev,Exelby
826,area-3,Hindi,Borden,Franceschielli
827,area-5,Russian,Angy,Merricks
828,area-4,Arabic,Consolata,Jasiak
829,area-4,Arabic,Aeriel,Varley
830,area-5,Mandarin,Phillida,Origan
831,area-5,Russian,Emmit,Eveleigh
832,area-5,Hindi,Tulley,M'Chirrie
833,area-5,Hindi,Theresina,Priel
834,area-4,Arabic,Nonnah,Boykett
835,area-4,Arabic,Friedrich,Warratt
836,area-3,Arabic,Lenna,Vidineev
837,area-3,Arabic,Isaac,Toller
838,area-4,Arabic,Gertruda,Pilley
839,area-5,Hindi,Clarine,Grossman
840,area-1,Hindi,Humberto,Grievson
841,area-5,Arabic,Ivette,Wisden
842,area-3,Hindi,Dallon,Tozer
843,area-3,Hindi,Cosme,Spiteri
844,area-5,Hindi,Pearle,Strathearn
845,area-5,Arabic,Gena,Snoddon
846,area-5,Arabic,Karlotta,Fosdike
847,area-3,Hindi,Nadya,Gollard
848,area-4,French,Yasmeen,Fortnon
849,area-5,Arabic,Aveline,Orteaux
850,area-3,Spanish,Peta,Mc Elory
851,area-3,Arabic,Bo,Belasco
852,area-4,Arabic,Gallard,Griffen
853,area-5,Hindi,Manon,Korejs
854,area-4,Russian,Adair,Paike
855,area-2,Hindi,Felipe,Jopling
856,area-5,Russian,Lacey,Bamford
857,area-3,Arabic,Aidan,Scroggins
858,area-1,Mandarin,Edmon,Giannotti
859,area-4,Arabic,Ned,Hawkins
860,area-5,Hindi,Opaline,Ackenson
861,area-5,Arabic,Andie,Scaice
862,area-2,Arabic,Viki,Drakeford
863,area-3,Hindi,Ingar,Mannooch
864,area-3,Hindi,Sadie,Chate
865,area-4,Hindi,Micki,Boog
866,area-5,Mandarin,Foster,Buckthought
867,area-1,Mandarin,Fitzgerald,Jimeno
868,area-4,Russian,Stephine,Ranshaw
869,area-4,Hindi,Alexis,Sedwick
870,area-4,Hindi,Amandy,Peedell
871,area-5,Hindi,Carmen,Golsworthy
872,area-5,Arabic,Chiquita,Gilford
873,area-4,French,Lura,Janicek
874,area-5,Mandarin,Randene,Barensky
875,area-4,Arabic,Daven,Kippen
876,area-3,Hindi,Carlye,Tessington
877,area-4,Arabic,Corby,Smy
878,area-5,Hindi,Teresina,Mabson
879,area-3,Hindi,Leda,Zanelli
880,area-5,Arabic,Albrecht,Nunson
881,area-3,Hindi,Salaidh,Younglove
882,area-1,Hindi,Paula,Kellock
883,area-5,Arabic,Sayers,Blakeden
884,area-5,Hindi,Misti,Haggeth
885,area-5,Arabic,Pinchas,Besnard
886,area-2,Hindi,Cris,Brauns
887,area-5,Arabic,Farrah,McCallam
888,area-1,Hindi,Jaimie,Lawlance
889,area-1,Mandarin,Garrott,Stronghill
890,area-3,Arabic,Tiffanie,McKeefry
891,area-4,Arabic,Wilfrid,Trevain
892,area-4,Arabic,Carita,Shillabear
893,area-5,Arabic,Shay,Penkman
894,area-1,Hindi,Denni,Ayliff
895,area-4,Hindi,Kay,Ratlee
896,area-5,Mandarin,Verene,Reston
897,area-5,Arabic,Antonietta,Grassett
898,area-1,English,Desmond,Moyle
899,area-4,Arabic,Janella,Eleshenar
900,area-3,Hindi,Berna,Fitzmaurice
901,area-5,Hindi,Dare,Stollwerk
902,area-5,French,Mikel,Flegg
903,area-5,English,Giselbert,Garrals
904,area-4,Mandarin,Monty,Creer
905,area-3,French,Pat,Croughan
906,area-4,Arabic,Flin,Lepere
907,area-4,Arabic,Delphine,Burkett
908,area-4,Arabic,Marita,Matchett
909,area-1,Hindi,Adamo,Records
910,area-5,Arabic,Roth,Cossar
911,area-5,French,Mart,Pretley
912,area-5,Arabic,Evangelina,Middlewick
913,area-5,Arabic,Hyacinth,Stockell
914,area-5,Arabic,Myrna,Ravilus
915,area-5,Arabic,Madelyn,Tilford
916,area-5,Arabic,Kamilah,Gilhouley
917,area-5,Hindi,Arline,Paviour
918,area-5,Arabic,Nicholle,Pietri
919,area-1,Arabic,Cullie,Joist
920,area-4,Mandarin,Shay,Stacey
921,area-5,Arabic,Marti,Giscken
922,area-2,Russian,Shelby,Weavers
923,area-5,Mandarin,Chaddie,Sowley
924,area-1,Hindi,Lyon,Nansom
925,area-3,Arabic,Ferd,Bloom
926,area-5,Hindi,Etti,Fitzroy
927,area-4,Arabic,Twyla,Perott
928,area-4,Arabic,Rachael,MacTerlagh
929,area-5,Hindi,Wilbert,Jorgensen
930,area-2,Hindi,Falito,Epton
931,area-3,Hindi,Jocko,Windrass
932,area-4,Arabic,Sydney,Bartak
933,area-5,Arabic,Remy,Rylance
934,area-5,Hindi,Derward,Karlmann
935,area-4,Arabic,Abigail,Roome
936,area-5,Arabic,Ann,Brooks
937,area-4,Hindi,Ann,Tyres
938,area-5,Arabic,Dermot,Mizen
939,area-5,Arabic,Robin,Stebbin
940,area-5,Arabic,Skye,Moughton
941,area-3,French,Michaela,Faich
942,area-1,Arabic,Maridel,Reina
943,area-5,Arabic,Haily,Essame
944,area-5,Arabic,Latrena,Coley
945,area-1,Hindi,Gwen,Burle
946,area-5,Arabic,Bren,Battyll
947,area-5,Arabic,Jarrid,Sparks
948,area-5,Arabic,Findlay,Anscott
949,area-5,Mandarin,Menard,Davidowsky
950,area-4,Arabic,Seward,Lugton
951,area-5,Mandarin,Quintina,Briand
952,area-4,Arabic,Wilbur,Plows
953,area-2,English,Ki,Kuhndel
954,area-4,Hindi,Salim,Burnet
955,area-5,Arabic,Tiffi,Kalker
956,area-5,Mandarin,Sandro,Eglinton
957,area-1,Arabic,Cymbre,Adamik
958,area-3,French,Eryn,Grazier
959,area-5,Arabic,Abbi,Mcwhinnie
960,area-5,Arabic,Ramon,Roizn
961,area-5,Hindi,Mateo,Wyley
962,area-4,Arabic,Hew,Van der Kruys
963,area-5,Arabic,Phil,Chippindall
964,area-5,Hindi,Joice,Nagle
965,area-4,Hindi,Johannes,Bruun
966,area-1,Hindi,Bram,O'Shiels
967,area-3,Mandarin,Bianka,Weston
968,area-4,Arabic,Christophe,Caroll
969,area-1,Hindi,Shaughn,Plackstone
970,area-5,Hindi,Gearard,Aspel
971,area-4,Arabic,Linda,Burn
972,area-5,Arabic,Maurice,Hamber
973,area-4,Hindi,Leland,Rojahn
974,area-4,Arabic,Orella,Birchill
975,area-5,Arabic,Bianca,Neenan
976,area-4,Arabic,Shayna,Guilleton
977,area-4,Arabic,Cleveland,Dummett
978,area-1,Mandarin,Concordia,Saint
979,area-5,English,Feliza,Warke
980,area-5,Mandarin,Brannon,Beeston
981,area-5,Arabic,Gelya,Roelvink
982,area-5,Arabic,Carissa,Woodyeare
983,area-5,Arabic,Dalton,Peatheyjohns
984,area-5,Hindi,Bourke,Seedhouse
985,area-5,Arabic,Sabine,Grigorini
986,area-5,Arabic,Mathilde,Lyne
987,area-5,Hindi,Oliver,Rolstone
988,area-2,Hindi,Dex,Nehl
989,area-4,Arabic,Quentin,Avesque
990,area-5,Arabic,Erina,Clow
991,area-5,Arabic,Phyllys,Levet
992,area-5,English,Boycey,Bosket
993,area-3,Arabic,Georg,Clayson
994,area-5,Hindi,Aldous,Ruspine
995,area-5,Arabic,Shandy,Tretter
996,area-3,Arabic,Lita,Rusk
997,area-5,Arabic,Derron,Stonestreet
998,area-4,Arabic,Raimondo,Revens
999,area-5,French,Grenville,Marian
1000,area-5,Arabic,Ryun,Dean
