customerId,firstName,lastName,age,area,agentId,agentRating,primaryLanguage,dependents,homePolicy,autoPolicy,rentersPolicy,totalMonthlyPremium,yearsOfService,vehiclesInsured
1,Alexine,Spinella,66,area-5,18,2,Arabic,,true,false,false,$498,38,0
2,Alric,Skoggins,38,area-3,2,5,Hindi,"[{""firstName"":""Lucien"",""lastName"":""Trobe""},{""firstName"":""El"",""lastName"":""Sowman""},{""firstName"":""Kaylil"",""lastName"":""Saxby""},{""firstName"":""Roselle"",""lastName"":""Aucott""}]",false,true,false,$802,4,4
3,Dora,Dugmore,22,area-4,12,1,Hindi,"[{""firstName"":""Cassi"",""lastName"":""Valens-Smith""},{""firstName"":""Tybi"",""lastName"":""Esposita""},{""firstName"":""Isabella"",""lastName"":""Rosenfeld""},{""firstName"":""Lauryn"",""lastName"":""Larcier""}]",true,false,false,$486,0,0
4,Frederigo,Menchenton,20,area-5,4,1,Hindi,,false,true,true,$544,0,5
5,Chariot,Drogan,48,area-4,9,3,Arabic,"[{""firstName"":""Herc"",""lastName"":""Sterndale""},{""firstName"":""Seana"",""lastName"":""Asp""},{""firstName"":""Hilly"",""lastName"":""Mazzia""},{""firstName"":""Miguel"",""lastName"":""Jamme""}]",false,true,false,$351,9,5
6,Netti,Charters,71,area-4,5,5,Mandarin,"[{""firstName"":""Emmey"",""lastName"":""Guion""},{""firstName"":""Georgetta"",""lastName"":""Mountain""},{""firstName"":""Mara"",""lastName"":""MacFaell""}]",true,true,true,$832,46,1
7,Carley,Pedrazzi,46,area-3,3,5,Arabic,"[{""firstName"":""Ericka"",""lastName"":""Gelderd""},{""firstName"":""Jolyn"",""lastName"":""Crathern""},{""firstName"":""Sheilah"",""lastName"":""Matevushev""}]",false,true,true,$954,3,4
8,Becca,Sagerson,28,area-5,16,5,Arabic,,false,false,true,$769,10,0
9,Ferdinanda,Kleynermans,24,area-3,3,2,Arabic,"[{""firstName"":""Sibby"",""lastName"":""Atherton""},{""firstName"":""Allissa"",""lastName"":""Lackington""}]",false,true,false,$888,5,1
10,Benedick,MacCaig,95,area-4,19,1,Arabic,"[{""firstName"":""Luisa"",""lastName"":""Chasen""},{""firstName"":""Fran"",""lastName"":""Slane""},{""firstName"":""Erin"",""lastName"":""Plaxton""}]",true,false,true,$678,12,0
11,Farrel,Marlon,21,area-2,5,4,Arabic,"[{""firstName"":""Marci"",""lastName"":""Lettsom""}]",false,true,true,$819,1,2
12,Dyan,Euplate,44,area-5,20,5,Mandarin,"[{""firstName"":""Gracia"",""lastName"":""Olexa""}]",false,true,true,$381,25,2
13,Jaquenette,Debrick,99,area-2,10,1,Arabic,"[{""firstName"":""Camilla"",""lastName"":""O'Dea""}]",false,true,false,$934,16,4
14,Dewey,Kahler,42,area-4,11,5,Hindi,"[{""firstName"":""Katrine"",""lastName"":""Coldicott""}]",true,false,false,$969,7,0
15,Kirstyn,Carling,63,area-4,5,3,Arabic,"[{""firstName"":""Burnard"",""lastName"":""Baggelley""},{""firstName"":""Clo"",""lastName"":""Benson""},{""firstName"":""Joanie"",""lastName"":""Cristofari""},{""firstName"":""Minette"",""lastName"":""Pedri""},{""firstName"":""Parsifal"",""lastName"":""Plank""}]",true,false,true,$554,45,0
16,Matilde,Sauvan,33,area-3,18,5,Russian,"[{""firstName"":""Berte"",""lastName"":""MacSwayde""},{""firstName"":""Tito"",""lastName"":""Weymont""},{""firstName"":""Shandy"",""lastName"":""Tenant""}]",true,false,false,$926,0,0
17,Cherin,Simonite,40,area-2,6,1,French,"[{""firstName"":""Cassi"",""lastName"":""Hodgets""},{""firstName"":""Liz"",""lastName"":""Yon""},{""firstName"":""Hort"",""lastName"":""Pitrelli""},{""firstName"":""Carrol"",""lastName"":""Chatterton""},{""firstName"":""Dalston"",""lastName"":""Beckey""}]",false,true,false,$984,19,2
18,Baron,Jeffries,36,area-5,1,3,Hindi,"[{""firstName"":""Querida"",""lastName"":""Folkard""},{""firstName"":""Bernie"",""lastName"":""Bein""},{""firstName"":""Kerstin"",""lastName"":""Piburn""}]",true,false,false,$390,17,0
19,Nolana,Fell,51,area-3,13,2,Arabic,,false,true,true,$817,2,2
20,Cordie,Dunk,42,area-5,11,2,Hindi,"[{""firstName"":""Sibley"",""lastName"":""Ronci""},{""firstName"":""Ringo"",""lastName"":""Swalowe""},{""firstName"":""Kelly"",""lastName"":""Wiggington""}]",true,false,false,$699,15,0
21,Nelly,Gircke,35,area-3,14,2,Arabic,,true,true,false,$285,12,4
22,Sharai,Filipic,62,area-4,18,5,English,,false,false,true,$384,2,0
23,Roberto,Bearcock,46,area-5,9,4,Hindi,"[{""firstName"":""Barbee"",""lastName"":""Cartmel""},{""firstName"":""Nathan"",""lastName"":""Bury""}]",true,true,true,$557,23,3
24,Cathee,Sarten,69,area-5,9,1,Mandarin,,true,false,false,$791,35,0
25,Rockwell,Dunford,52,area-4,7,5,Arabic,"[{""firstName"":""Veronica"",""lastName"":""Vaisey""},{""firstName"":""Jillene"",""lastName"":""Arndell""},{""firstName"":""Wendie"",""lastName"":""Carlett""},{""firstName"":""Berni"",""lastName"":""Thinn""}]",false,true,false,$449,15,4
26,Henka,Boyce,51,area-5,8,5,Arabic,,false,false,true,$491,13,0
27,Noe,Shermore,76,area-5,20,3,Arabic,"[{""firstName"":""Tommie"",""lastName"":""Longhi""},{""firstName"":""Eldridge"",""lastName"":""Gosdin""}]",true,false,false,$987,27,0
28,Stevena,Roycroft,76,area-5,17,4,Arabic,"[{""firstName"":""Paulie"",""lastName"":""Rands""},{""firstName"":""Muriel"",""lastName"":""Smalles""},{""firstName"":""Marjie"",""lastName"":""Petyt""},{""firstName"":""Gwynne"",""lastName"":""Gullyes""},{""firstName"":""Whit"",""lastName"":""Schonfelder""}]",true,true,false,$371,38,1
29,Agatha,Loffel,32,area-3,16,1,Arabic,,false,false,true,$713,0,0
30,Lona,Franscioni,44,area-5,7,4,Hindi,"[{""firstName"":""Dale"",""lastName"":""Dufer""},{""firstName"":""Coretta"",""lastName"":""Bradberry""}]",false,false,true,$246,8,0
31,Retha,Matusovsky,46,area-5,18,2,Hindi,"[{""firstName"":""Javier"",""lastName"":""Mugford""},{""firstName"":""Dwain"",""lastName"":""Bladon""}]",true,true,true,$598,25,1
32,Dari,Coggins,78,area-5,7,5,Arabic,"[{""firstName"":""Abel"",""lastName"":""Beadle""}]",false,true,true,$811,42,1
33,Demetris,McIllroy,91,area-1,2,1,Arabic,,true,false,false,$475,37,0
34,Thayne,MacCaffrey,83,area-3,17,5,Russian,"[{""firstName"":""Chrisy"",""lastName"":""Skerm""},{""firstName"":""Hewet"",""lastName"":""Blazeby""},{""firstName"":""Beau"",""lastName"":""Brandassi""},{""firstName"":""Joella"",""lastName"":""Thomasen""},{""firstName"":""Melany"",""lastName"":""McMillan""}]",false,false,false,$0,0,0
35,Mina,Stitfall,94,area-5,20,1,Arabic,"[{""firstName"":""Guy"",""lastName"":""Kalf""},{""firstName"":""Susann"",""lastName"":""Tille""},{""firstName"":""Tessi"",""lastName"":""Laste""},{""firstName"":""Suzann"",""lastName"":""Cornes""}]",false,false,true,$790,70,0
36,Dyanna,Peddar,48,area-5,20,2,Hindi,,false,true,true,$790,7,5
37,Annalise,Cleatherow,53,area-5,16,5,Hindi,"[{""firstName"":""Dallas"",""lastName"":""Freiberg""},{""firstName"":""Sanderson"",""lastName"":""McKeag""},{""firstName"":""Alyson"",""lastName"":""O' Meara""}]",true,false,true,$934,14,0
38,Karalynn,Kelsall,27,area-5,15,2,Mandarin,"[{""firstName"":""Emmie"",""lastName"":""Charlotte""},{""firstName"":""Roldan"",""lastName"":""Green""},{""firstName"":""Pollyanna"",""lastName"":""McCombe""}]",false,false,true,$327,3,0
39,Westbrook,Haycraft,93,area-4,17,3,Hindi,,false,false,true,$302,72,0
40,Amii,Callar,94,area-5,7,2,Hindi,,true,true,true,$969,76,4
41,Manya,Sapauton,38,area-4,18,3,Hindi,,true,false,false,$504,14,0
42,Lamond,Igoe,85,area-5,20,5,Arabic,"[{""firstName"":""Wiley"",""lastName"":""Piolli""}]",false,true,true,$638,28,1
43,Lynett,Dewar,50,area-5,8,5,English,"[{""firstName"":""Saunder"",""lastName"":""Costar""},{""firstName"":""Mei"",""lastName"":""Swancock""},{""firstName"":""Ulrikaumeko"",""lastName"":""MacGibbon""}]",false,false,true,$644,10,0
44,Findlay,Chartres,82,area-5,4,2,Arabic,"[{""firstName"":""Eduino"",""lastName"":""Bunner""},{""firstName"":""Barbe"",""lastName"":""Molesworth""},{""firstName"":""Fanchon"",""lastName"":""Scroxton""},{""firstName"":""Armstrong"",""lastName"":""Acres""},{""firstName"":""Jerrine"",""lastName"":""Yair""}]",false,true,false,$579,52,4
45,Ado,Grestye,34,area-5,16,4,Arabic,,true,true,true,$357,10,4
46,Constanta,Readwin,75,area-5,11,4,Mandarin,,false,false,false,$0,0,0
47,Pauly,Ordidge,100,area-2,14,4,Russian,,true,true,false,$358,54,3
48,Vivia,Ollive,90,area-4,1,2,Hindi,,false,false,true,$682,67,0
49,Forrest,Wardlow,47,area-5,9,3,Arabic,"[{""firstName"":""Gloria"",""lastName"":""Rigardeau""},{""firstName"":""Ernst"",""lastName"":""Oselton""}]",false,true,true,$716,25,5
50,Babbie,Gratton,50,area-5,4,5,Mandarin,"[{""firstName"":""Wilt"",""lastName"":""Dorran""}]",false,false,true,$566,18,0
51,Brandon,Dwerryhouse,25,area-5,7,1,Arabic,"[{""firstName"":""Rosanne"",""lastName"":""Rushbrooke""},{""firstName"":""Ichabod"",""lastName"":""Airth""}]",false,true,false,$846,1,5
52,Vinny,Polden,100,area-5,12,5,Arabic,,true,false,true,$778,27,0
53,Minnaminnie,Roche,83,area-4,17,2,Arabic,,false,false,false,$0,0,0
54,Derick,Boothman,74,area-4,16,5,Hindi,"[{""firstName"":""Davey"",""lastName"":""Gayter""},{""firstName"":""Anders"",""lastName"":""Henrot""},{""firstName"":""Jaye"",""lastName"":""Geffe""},{""firstName"":""Evelin"",""lastName"":""Petran""}]",false,false,false,$0,0,0
55,Dorella,Bole,46,area-5,18,4,Hindi,"[{""firstName"":""Doreen"",""lastName"":""Ness""},{""firstName"":""Carroll"",""lastName"":""MacCallam""},{""firstName"":""Fayth"",""lastName"":""Philippault""},{""firstName"":""Zaccaria"",""lastName"":""Chatainier""}]",false,true,true,$273,6,2
56,Eva,Strainge,43,area-4,9,4,Arabic,,true,false,false,$698,10,0
57,Gaylord,Nursey,66,area-4,10,5,Russian,,false,false,false,$0,0,0
58,Harp,Chidgey,53,area-5,11,2,Hindi,,false,true,false,$663,1,4
59,Lynn,Copperwaite,77,area-4,3,5,Arabic,"[{""firstName"":""Raquela"",""lastName"":""Bielfelt""},{""firstName"":""Anselm"",""lastName"":""Chill""},{""firstName"":""Siegfried"",""lastName"":""VanBrugh""},{""firstName"":""Jobi"",""lastName"":""Rapper""}]",false,false,false,$0,0,0
60,Jemmie,Drewett,48,area-3,9,1,Hindi,"[{""firstName"":""Curcio"",""lastName"":""Jenkison""},{""firstName"":""Monroe"",""lastName"":""Cayser""},{""firstName"":""Hamish"",""lastName"":""Yurkin""},{""firstName"":""Lovell"",""lastName"":""Saffle""}]",false,true,false,$620,9,4
61,Waylen,Iggo,81,area-5,12,4,Arabic,,false,false,true,$204,63,0
62,Corbin,Rusling,51,area-3,19,1,Hindi,,true,true,false,$463,0,4
63,Talya,Atherley,43,area-3,1,3,Arabic,,true,false,false,$396,10,0
64,Gus,Mildmott,97,area-5,16,2,Arabic,,true,false,false,$934,51,0
65,Ibbie,Estcourt,98,area-5,19,4,Hindi,,true,true,false,$268,21,2
66,Charin,Lyffe,84,area-5,8,4,Hindi,,false,true,true,$335,0,5
67,Si,Rewcassell,72,area-3,19,5,Hindi,"[{""firstName"":""Daniel"",""lastName"":""Guys""},{""firstName"":""Wye"",""lastName"":""Jardin""},{""firstName"":""Urbano"",""lastName"":""Bowser""},{""firstName"":""Ilsa"",""lastName"":""Daville""}]",false,false,false,$0,0,0
68,Belinda,Utting,30,area-5,15,1,Russian,,true,true,true,$656,3,2
69,Forrester,Beelby,87,area-4,13,4,Hindi,,true,false,true,$598,36,0
70,Fritz,Ragbourne,40,area-4,1,3,Hindi,,true,false,true,$163,3,0
71,Alic,Smoote,100,area-5,1,3,Hindi,,true,false,true,$827,81,0
72,Jinny,Blundon,89,area-3,20,4,Arabic,,false,false,true,$593,32,0
73,Georgina,Calbrathe,44,area-4,9,1,Arabic,"[{""firstName"":""Emmie"",""lastName"":""Mamwell""},{""firstName"":""Hadley"",""lastName"":""Cadge""},{""firstName"":""Gaylord"",""lastName"":""Orans""},{""firstName"":""Rachelle"",""lastName"":""Watkiss""},{""firstName"":""Clark"",""lastName"":""Bruggen""}]",true,false,true,$167,24,0
74,Wain,Sperrett,61,area-5,11,3,Arabic,,true,false,false,$590,27,0
75,Louise,Wolford,83,area-5,20,5,Arabic,,false,false,true,$654,0,0
76,Cindi,MacAless,41,area-5,1,3,Mandarin,,true,true,false,$717,7,1
77,Stephie,Ramet,93,area-5,4,4,Mandarin,"[{""firstName"":""Dona"",""lastName"":""Lehon""},{""firstName"":""Colleen"",""lastName"":""Everingham""},{""firstName"":""Anastassia"",""lastName"":""Gwilliam""}]",false,true,false,$558,18,3
78,Ced,Loisi,20,area-3,18,1,Hindi,,false,false,false,$0,0,0
79,Gregory,Hayller,32,area-5,14,2,Arabic,,false,false,false,$0,0,0
80,Faunie,Tickel,33,area-5,20,5,Hindi,,true,false,true,$390,2,0
81,Alisun,Perin,76,area-4,9,5,Arabic,"[{""firstName"":""Arlee"",""lastName"":""Morfield""},{""firstName"":""Blaine"",""lastName"":""Thirlwall""}]",true,true,true,$409,21,2
82,Jarid,Berger,58,area-5,19,4,Mandarin,,true,false,false,$342,23,0
83,Frederic,Dubose,28,area-3,5,5,Mandarin,"[{""firstName"":""Hugo"",""lastName"":""Taffley""},{""firstName"":""Elvyn"",""lastName"":""Gallico""},{""firstName"":""Blane"",""lastName"":""Silverston""},{""firstName"":""Davey"",""lastName"":""Fleet""}]",false,true,false,$557,4,2
84,Catharina,Kahane,30,area-5,1,1,Mandarin,"[{""firstName"":""Gilburt"",""lastName"":""Cantu""},{""firstName"":""Reggis"",""lastName"":""Hyde-Chambers""},{""firstName"":""Bennie"",""lastName"":""Hirche""}]",true,false,true,$366,12,0
85,Stoddard,Bruhnicke,35,area-5,10,5,English,,true,true,true,$441,5,4
86,Blithe,Layus,73,area-5,13,2,Hindi,,false,false,true,$366,15,0
87,Janeta,Andreolli,37,area-5,8,3,Mandarin,,false,true,false,$283,8,2
88,Osmond,Ankers,78,area-4,7,1,Arabic,"[{""firstName"":""Keen"",""lastName"":""Beche""},{""firstName"":""Chandal"",""lastName"":""Moiser""}]",true,true,false,$810,54,3
89,Darb,McGrey,27,area-5,20,1,Hindi,,true,false,false,$469,1,0
90,Ingram,Tarbin,67,area-3,11,1,Mandarin,"[{""firstName"":""Elizabeth"",""lastName"":""Rigney""}]",true,true,false,$289,32,5
91,Ciel,Skip,49,area-5,13,5,Arabic,"[{""firstName"":""Giacopo"",""lastName"":""Howat""}]",true,false,false,$409,25,0
92,Thadeus,Temblett,32,area-4,10,5,Mandarin,,false,false,false,$0,0,0
93,Petra,Gingell,27,area-3,20,3,Arabic,,true,false,false,$962,3,0
94,Bogey,Crannell,55,area-4,1,5,Arabic,"[{""firstName"":""Chiquita"",""lastName"":""Willbond""},{""firstName"":""Darsey"",""lastName"":""Bellino""},{""firstName"":""Conny"",""lastName"":""Crose""},{""firstName"":""Teresa"",""lastName"":""Garrick""},{""firstName"":""Bay"",""lastName"":""Forsdyke""}]",true,false,true,$246,12,0
95,Carla,Goldring,31,area-2,19,4,Arabic,"[{""firstName"":""Kingsly"",""lastName"":""Tarney""},{""firstName"":""Fitzgerald"",""lastName"":""Pickrell""},{""firstName"":""Corby"",""lastName"":""Alvaro""},{""firstName"":""Elsinore"",""lastName"":""Krabbe""},{""firstName"":""Bambi"",""lastName"":""Alloway""}]",true,false,true,$155,0,0
96,Janka,Corker,23,area-3,1,1,Russian,,false,true,false,$394,5,4
97,Valma,Dodridge,98,area-5,3,5,Arabic,,false,false,false,$0,0,0
98,Erena,Cosin,30,area-5,8,1,Hindi,,true,true,false,$891,2,5
99,Dorine,Pheasey,30,area-4,17,4,Arabic,"[{""firstName"":""Tadd"",""lastName"":""Brine""},{""firstName"":""Madel"",""lastName"":""Robroe""}]",true,false,true,$623,0,0
100,Rutter,Junkinson,53,area-2,8,5,Hindi,"[{""firstName"":""Joli"",""lastName"":""Mazey""},{""firstName"":""Trudy"",""lastName"":""Gallaher""},{""firstName"":""Paxon"",""lastName"":""Dowthwaite""},{""firstName"":""Laurene"",""lastName"":""Kingswood""},{""firstName"":""Hali"",""lastName"":""Jowett""}]",true,true,true,$874,20,4
101,Frieda,Courtese,27,area-1,17,1,Arabic,,false,false,true,$856,6,0
102,Cori,Shanks,22,area-5,15,3,Arabic,"[{""firstName"":""Jania"",""lastName"":""Brittan""},{""firstName"":""Stan"",""lastName"":""Tibbetts""},{""firstName"":""Virginia"",""lastName"":""Classen""}]",true,true,false,$546,4,4
103,Cindie,Bastiman,28,area-5,6,4,Arabic,"[{""firstName"":""Hildagarde"",""lastName"":""Danett""},{""firstName"":""Jessalin"",""lastName"":""Nutbean""},{""firstName"":""Sayre"",""lastName"":""Derby""}]",false,true,false,$577,0,1
104,Francois,McCurtin,98,area-5,15,3,Arabic,"[{""firstName"":""Olin"",""lastName"":""Cassimer""},{""firstName"":""Clarine"",""lastName"":""Stanger""}]",false,true,false,$851,56,3
105,Cleopatra,Agostini,44,area-5,7,4,Hindi,"[{""firstName"":""Grete"",""lastName"":""Rosbottom""},{""firstName"":""Veronika"",""lastName"":""Goodwyn""},{""firstName"":""Charmian"",""lastName"":""Keer""}]",true,true,false,$940,1,5
106,Bird,Siddon,31,area-4,15,3,Arabic,,true,true,false,$239,11,2
107,Tarrah,Perryn,28,area-5,10,4,Hindi,,true,false,false,$889,2,0
108,Alli,Allaker,34,area-3,19,2,Arabic,"[{""firstName"":""Kalle"",""lastName"":""Bayston""}]",true,true,true,$197,5,3
109,Debee,Upex,51,area-3,13,5,Arabic,,true,false,false,$945,26,0
110,Nathalie,Arber,91,area-1,8,5,Arabic,,true,false,true,$640,11,0
111,Sarette,Craigg,22,area-4,18,2,Hindi,,false,true,false,$505,3,1
112,Vitia,O'Shiel,47,area-4,13,1,Hindi,"[{""firstName"":""Thayne"",""lastName"":""Blackman""},{""firstName"":""Ty"",""lastName"":""Dowdell""}]",false,true,true,$554,22,4
113,Isabelle,Moult,33,area-1,5,1,Russian,,true,false,true,$671,7,0
114,Wadsworth,Maty,51,area-4,8,4,Arabic,"[{""firstName"":""Mitchell"",""lastName"":""Paskin""},{""firstName"":""Kristofer"",""lastName"":""Yesichev""}]",false,true,false,$354,0,3
115,Sergeant,Towriss,84,area-4,17,3,Arabic,,true,false,true,$344,51,0
116,Kris,Anstis,63,area-5,3,3,Mandarin,,true,false,true,$937,27,0
117,Gusta,Maclean,23,area-4,12,5,English,"[{""firstName"":""Zacherie"",""lastName"":""Casin""},{""firstName"":""Tadeas"",""lastName"":""Kelsell""},{""firstName"":""Rosetta"",""lastName"":""Artindale""}]",true,false,true,$674,5,0
118,Tyrus,Gotobed,93,area-5,6,5,French,,true,false,false,$696,73,0
119,Lazarus,Totterdell,100,area-5,9,4,Arabic,,false,true,false,$835,57,4
120,Rochella,Scamerdine,89,area-5,2,2,Hindi,"[{""firstName"":""Enos"",""lastName"":""Leonida""},{""firstName"":""Kriste"",""lastName"":""Dimanche""}]",true,true,false,$723,41,5
121,Beckie,Powland,79,area-4,8,3,Arabic,"[{""firstName"":""June"",""lastName"":""Forrestall""}]",false,false,false,$0,0,0
122,Colline,Matteau,86,area-4,13,4,Arabic,"[{""firstName"":""Rodi"",""lastName"":""Juzek""},{""firstName"":""Emlyn"",""lastName"":""Chastey""},{""firstName"":""Aretha"",""lastName"":""Fritter""}]",true,false,false,$801,21,0
123,Mirella,Foley,43,area-2,12,3,Arabic,,false,true,false,$294,20,2
124,Saxe,Gunther,39,area-5,1,2,Arabic,"[{""firstName"":""Melony"",""lastName"":""Husher""}]",false,false,false,$0,0,0
125,Aubrey,Lightman,60,area-4,13,2,Hindi,,true,true,false,$763,0,4
126,Ashlen,Painter,84,area-4,6,3,Hindi,,false,true,false,$445,61,1
127,Cassandra,Berndtsson,44,area-5,17,5,Hindi,"[{""firstName"":""Dorey"",""lastName"":""Skokoe""},{""firstName"":""Alair"",""lastName"":""Pipworth""},{""firstName"":""Pamelina"",""lastName"":""Kingscote""},{""firstName"":""Patin"",""lastName"":""Haskew""}]",false,true,true,$837,25,2
128,Aimil,Burger,70,area-4,16,2,Arabic,"[{""firstName"":""Boris"",""lastName"":""McTrustie""},{""firstName"":""Rose"",""lastName"":""Attle""}]",false,false,true,$127,17,0
129,Jany,Graveson,72,area-5,15,5,Mandarin,"[{""firstName"":""Torrance"",""lastName"":""Maytum""},{""firstName"":""Tess"",""lastName"":""Lacheze""}]",false,true,false,$181,22,3
130,Zed,Filyukov,29,area-4,1,4,French,,true,false,false,$779,4,0
131,Fania,Oakeshott,32,area-1,1,5,Hindi,,false,false,false,$0,0,0
132,Templeton,Gopsall,91,area-4,15,2,Hindi,,true,true,false,$491,7,2
133,Roslyn,Tett,40,area-3,10,4,Arabic,,true,true,false,$380,7,3
134,Jonathon,Lantuffe,76,area-4,15,2,Arabic,"[{""firstName"":""Karolina"",""lastName"":""Maggiori""},{""firstName"":""Cherilynn"",""lastName"":""Rosie""},{""firstName"":""Bennie"",""lastName"":""Haitlie""}]",true,true,false,$953,46,2
135,Reece,McLelland,38,area-4,20,5,Spanish,"[{""firstName"":""Loutitia"",""lastName"":""Fairbairn""},{""firstName"":""Camilla"",""lastName"":""Steeden""},{""firstName"":""Rhody"",""lastName"":""Julyan""},{""firstName"":""Jed"",""lastName"":""Dielhenn""},{""firstName"":""Cy"",""lastName"":""Petroulis""}]",true,false,true,$238,0,0
136,Carny,Somerbell,21,area-4,15,4,Hindi,,false,true,false,$882,1,4
137,Madeleine,Menere,58,area-5,19,2,Hindi,"[{""firstName"":""Osborn"",""lastName"":""Maidens""}]",false,false,false,$0,0,0
138,Lil,Rack,46,area-3,17,4,Hindi,,false,false,false,$0,0,0
139,Neala,Postill,93,area-4,20,3,Arabic,,false,true,false,$599,62,2
140,Heinrik,Slatten,78,area-5,11,3,Arabic,,false,false,true,$704,57,0
141,Elbertina,Barck,79,area-5,11,2,Hindi,"[{""firstName"":""Holly-anne"",""lastName"":""Moubray""},{""firstName"":""Denney"",""lastName"":""Dodge""},{""firstName"":""Roanne"",""lastName"":""Kniveton""}]",false,false,false,$0,0,0
142,Casey,Monan,29,area-5,8,4,Hindi,,true,false,true,$707,5,0
143,Robbi,Allnatt,29,area-4,18,4,Russian,"[{""firstName"":""Regen"",""lastName"":""Alfonsetto""},{""firstName"":""Kristo"",""lastName"":""Di Boldi""},{""firstName"":""Eal"",""lastName"":""Dongles""},{""firstName"":""Carr"",""lastName"":""Fussey""}]",false,false,false,$0,0,0
144,Robinett,Siberry,65,area-5,16,4,Arabic,,true,true,false,$793,17,4
145,Andra,Blakeslee,82,area-1,13,1,Arabic,"[{""firstName"":""Madlen"",""lastName"":""Dunnet""},{""firstName"":""Georgiana"",""lastName"":""Finan""},{""firstName"":""Charlotte"",""lastName"":""Billo""}]",true,false,false,$419,52,0
146,Mikkel,Heinish,90,area-1,1,1,Spanish,,true,false,false,$678,47,0
147,Gilli,Michiel,66,area-5,16,4,Arabic,"[{""firstName"":""Teodorico"",""lastName"":""De Michetti""},{""firstName"":""Clemmie"",""lastName"":""Chumley""},{""firstName"":""Cobbie"",""lastName"":""Klasing""},{""firstName"":""Kaitlyn"",""lastName"":""Barkworth""}]",false,false,true,$840,35,0
148,Ede,Trulock,44,area-5,20,5,Arabic,,true,false,true,$808,19,0
149,Philipa,Franciottoi,63,area-4,1,2,Hindi,"[{""firstName"":""Liz"",""lastName"":""Bente""}]",true,false,true,$306,10,0
150,Meredithe,Vispo,37,area-5,12,5,Hindi,,true,false,false,$850,1,0
151,Iago,Cisland,75,area-5,2,1,Hindi,,false,true,true,$352,4,2
152,Nye,Tuxsell,82,area-5,19,4,Arabic,,true,true,false,$719,30,3
153,Denise,Kerbler,87,area-5,6,4,Hindi,"[{""firstName"":""Chlo"",""lastName"":""Crossingham""},{""firstName"":""Cate"",""lastName"":""Volage""},{""firstName"":""Kaye"",""lastName"":""Ixer""},{""firstName"":""Claybourne"",""lastName"":""McLeod""}]",false,false,false,$0,0,0
154,Bianca,Antyukhin,44,area-3,11,3,Arabic,"[{""firstName"":""Tori"",""lastName"":""Cranefield""},{""firstName"":""Cornelia"",""lastName"":""Bramham""},{""firstName"":""Rafaello"",""lastName"":""Arkwright""},{""firstName"":""Gage"",""lastName"":""Aldwich""}]",false,true,false,$214,15,1
155,Julia,MacTrustram,78,area-5,1,3,Hindi,,false,true,false,$712,41,4
156,Guillermo,Rangle,96,area-3,19,2,Arabic,,true,true,true,$490,24,4
157,Indira,Absolem,56,area-5,2,2,Hindi,"[{""firstName"":""Foss"",""lastName"":""Hayesman""},{""firstName"":""Nevins"",""lastName"":""Okie""}]",true,false,true,$204,1,0
158,Clemence,Barracks,89,area-5,10,4,Arabic,"[{""firstName"":""Maxie"",""lastName"":""Beldom""},{""firstName"":""Ximenes"",""lastName"":""Keymer""},{""firstName"":""Sutherlan"",""lastName"":""Staterfield""},{""firstName"":""Rozanne"",""lastName"":""Kuschek""}]",true,true,true,$234,19,3
159,Brand,Richmond,29,area-3,13,3,Arabic,"[{""firstName"":""Anthe"",""lastName"":""Squeers""},{""firstName"":""Rory"",""lastName"":""Longmead""},{""firstName"":""Colet"",""lastName"":""Dinjes""},{""firstName"":""Norah"",""lastName"":""Couch""}]",true,true,false,$862,3,4
160,Cleve,Elverston,50,area-5,14,1,Arabic,,false,true,true,$386,7,1
161,Trueman,Pund,77,area-3,11,4,Mandarin,"[{""firstName"":""Moira"",""lastName"":""Espadas""},{""firstName"":""Gardy"",""lastName"":""Crannis""},{""firstName"":""Nikoletta"",""lastName"":""Presnell""},{""firstName"":""Lin"",""lastName"":""Leven""}]",true,true,true,$350,30,4
162,Jamison,Hulson,73,area-4,6,2,Arabic,"[{""firstName"":""Port"",""lastName"":""Brewett""},{""firstName"":""Cairistiona"",""lastName"":""Exter""}]",true,false,false,$609,19,0
163,Vi,Churms,95,area-4,14,3,Hindi,"[{""firstName"":""Dorena"",""lastName"":""Suthworth""},{""firstName"":""Kareem"",""lastName"":""Upshall""},{""firstName"":""Gordie"",""lastName"":""Swatheridge""},{""firstName"":""Gussi"",""lastName"":""Bellhanger""},{""firstName"":""Dottie"",""lastName"":""Moodycliffe""}]",true,true,false,$778,12,1
164,Maribeth,Vedeniktov,72,area-5,11,5,Hindi,"[{""firstName"":""Kath"",""lastName"":""Heaysman""},{""firstName"":""Fina"",""lastName"":""Lemonnier""}]",false,false,false,$0,0,0
165,Ailina,Winwood,59,area-5,9,3,Hindi,"[{""firstName"":""Rodolph"",""lastName"":""Dolan""},{""firstName"":""Netta"",""lastName"":""Heggs""}]",false,false,true,$645,23,0
166,Joanne,Keele,28,area-5,8,3,Russian,,true,true,false,$909,8,5
167,Rickie,Stoller,25,area-5,10,4,Hindi,,true,false,false,$713,7,0
168,Seymour,Simakov,55,area-5,9,3,French,,true,true,false,$122,21,1
169,Peri,Rilings,88,area-5,11,2,Arabic,"[{""firstName"":""Clo"",""lastName"":""Ilyin""},{""firstName"":""Nicolai"",""lastName"":""Klimkov""},{""firstName"":""Elwira"",""lastName"":""Arbor""},{""firstName"":""Chucho"",""lastName"":""Boshers""}]",false,true,true,$184,38,3
170,Agnese,Vickars,41,area-1,3,3,Russian,,true,true,false,$648,23,3
171,Elbertine,Tumasian,74,area-5,6,3,Arabic,,true,false,false,$224,39,0
172,Edlin,Aldine,29,area-4,4,3,Arabic,,true,false,false,$283,0,0
173,Kristi,Deeves,74,area-5,8,4,Russian,,false,true,true,$155,50,1
174,Joelly,Sand,73,area-5,12,2,Hindi,"[{""firstName"":""Augie"",""lastName"":""Koopman""}]",true,true,true,$288,47,5
175,Theodosia,Begent,82,area-3,15,3,Arabic,"[{""firstName"":""Moyna"",""lastName"":""Bruhnsen""},{""firstName"":""Gottfried"",""lastName"":""Wallicker""},{""firstName"":""Susanna"",""lastName"":""Wrack""}]",true,false,true,$233,10,0
176,Mal,Lemanu,56,area-4,12,2,Arabic,,true,false,false,$730,17,0
177,Elmore,Maciaszek,44,area-3,7,5,Hindi,"[{""firstName"":""Waylon"",""lastName"":""Yansons""},{""firstName"":""Dino"",""lastName"":""Killwick""},{""firstName"":""Sarette"",""lastName"":""Oglesbee""},{""firstName"":""Alaster"",""lastName"":""Crookes""},{""firstName"":""Nevins"",""lastName"":""Grix""}]",false,false,true,$552,22,0
178,Riannon,Kupec,33,area-3,14,3,Arabic,"[{""firstName"":""Vitia"",""lastName"":""Backs""},{""firstName"":""Jon"",""lastName"":""Daughton""}]",true,false,false,$658,5,0
179,Laraine,Bennington,47,area-5,14,2,French,,true,false,false,$689,22,0
180,Maurene,Eagers,28,area-5,8,2,Arabic,"[{""firstName"":""Ryun"",""lastName"":""Khristoforov""},{""firstName"":""Damien"",""lastName"":""Enrietto""},{""firstName"":""Jennica"",""lastName"":""Drinan""},{""firstName"":""Lezlie"",""lastName"":""Zanolli""}]",false,false,false,$0,0,0
181,Jenny,Benmore,28,area-4,10,5,Arabic,"[{""firstName"":""Sharlene"",""lastName"":""Marfe""},{""firstName"":""Coralyn"",""lastName"":""Guiver""},{""firstName"":""Deva"",""lastName"":""Hallihane""}]",false,false,false,$0,0,0
182,Lane,Sharphurst,100,area-4,6,2,Arabic,,false,false,true,$568,30,0
183,Isabeau,Killford,22,area-5,17,2,Arabic,"[{""firstName"":""Rebeka"",""lastName"":""Baly""},{""firstName"":""Alfie"",""lastName"":""Presser""},{""firstName"":""Meta"",""lastName"":""Phillins""},{""firstName"":""Philippa"",""lastName"":""Ferro""}]",false,false,false,$0,0,0
184,Biddy,Soper,37,area-3,3,5,Hindi,"[{""firstName"":""Malinde"",""lastName"":""Howatt""},{""firstName"":""Jaye"",""lastName"":""Gwilt""},{""firstName"":""Timofei"",""lastName"":""Canning""},{""firstName"":""Launce"",""lastName"":""Conradie""},{""firstName"":""Marjy"",""lastName"":""Vine""}]",false,true,false,$158,18,2
185,Blisse,Sturm,35,area-4,11,5,Arabic,,true,true,false,$329,2,1
186,Dorette,Lilywhite,96,area-5,12,3,Hindi,,false,true,true,$433,20,2
187,Allsun,Hearon,54,area-5,19,3,Hindi,,false,true,false,$893,14,3
188,Fields,Kruschov,21,area-4,19,3,Hindi,,true,false,true,$146,0,0
189,Jennifer,Signore,50,area-5,15,3,Arabic,,false,true,true,$699,2,3
190,Meggy,Ondrich,92,area-5,20,2,Hindi,,true,true,true,$254,43,3
191,Clarey,Sallowaye,20,area-4,4,1,Arabic,,false,true,true,$769,2,1
192,Troy,Jewel,29,area-4,16,3,Spanish,"[{""firstName"":""Jammal"",""lastName"":""Cairney""},{""firstName"":""Louise"",""lastName"":""Blakey""}]",false,true,true,$366,4,5
193,Ileane,Hember,55,area-5,1,3,Arabic,,true,false,false,$225,29,0
194,Yorke,McLuckie,20,area-4,18,1,Hindi,,false,false,true,$240,1,0
195,Martie,Wellum,81,area-1,3,2,Arabic,,true,false,true,$836,58,0
196,Laurene,Camidge,62,area-5,15,3,Russian,"[{""firstName"":""Georas"",""lastName"":""Scinelli""},{""firstName"":""Jared"",""lastName"":""Swindley""},{""firstName"":""Mallorie"",""lastName"":""Draco""},{""firstName"":""Goldina"",""lastName"":""Baudi""}]",true,false,false,$400,36,0
197,Angus,Breslin,94,area-4,12,2,Arabic,"[{""firstName"":""Spencer"",""lastName"":""Wong""},{""firstName"":""Evvie"",""lastName"":""Bantock""},{""firstName"":""Nancey"",""lastName"":""Soffe""},{""firstName"":""Genevra"",""lastName"":""Harrema""}]",false,false,false,$0,0,0
198,Ralf,McHenry,76,area-4,8,3,Arabic,,false,false,true,$139,41,0
199,Reese,Orto,94,area-5,8,1,Arabic,,true,true,false,$772,49,2
200,Frazer,Proback,82,area-4,20,3,Hindi,"[{""firstName"":""Rooney"",""lastName"":""Bau""},{""firstName"":""Rupert"",""lastName"":""Stilly""}]",false,false,true,$119,40,0
201,Giovanna,Petranek,46,area-5,10,3,Hindi,"[{""firstName"":""Giordano"",""lastName"":""Slot""},{""firstName"":""Englebert"",""lastName"":""Heading""},{""firstName"":""Evita"",""lastName"":""Bascombe""}]",true,true,false,$479,23,5
202,Daron,Taylor,59,area-5,15,5,Hindi,,false,false,false,$0,0,0
203,Barnaby,Redmore,59,area-1,19,1,Arabic,,true,true,true,$452,24,1
204,Leelah,Petegrew,62,area-5,18,4,Arabic,"[{""firstName"":""Elga"",""lastName"":""Kleinschmidt""},{""firstName"":""Normand"",""lastName"":""Mee""},{""firstName"":""Anatollo"",""lastName"":""Patrie""},{""firstName"":""Norrie"",""lastName"":""Dutnell""},{""firstName"":""Emlen"",""lastName"":""Schoolfield""}]",true,true,false,$766,17,4
205,Savina,Jobin,79,area-4,16,1,Hindi,,false,false,true,$576,37,0
206,Loria,Wolfindale,53,area-5,4,1,Arabic,"[{""firstName"":""Lyn"",""lastName"":""Vanyarkin""},{""firstName"":""Maddi"",""lastName"":""Iianon""},{""firstName"":""Oralee"",""lastName"":""Robotham""},{""firstName"":""Angeli"",""lastName"":""Woodier""}]",false,true,false,$750,14,4
207,Gearalt,Moline,33,area-5,18,5,Arabic,,true,false,false,$118,2,0
208,Sybilla,Gluyus,57,area-5,8,4,Spanish,"[{""firstName"":""Adrian"",""lastName"":""Halliday""},{""firstName"":""Odelle"",""lastName"":""Hallagan""}]",false,true,true,$797,39,4
209,Hermie,Toulch,71,area-2,8,5,Arabic,"[{""firstName"":""Boycey"",""lastName"":""Ruppeli""},{""firstName"":""Avictor"",""lastName"":""Mann""},{""firstName"":""Tommy"",""lastName"":""Rotherforth""}]",true,false,false,$525,42,0
210,Lin,Antat,83,area-5,14,1,Mandarin,,false,true,false,$428,10,5
211,Odessa,Klugman,54,area-3,5,5,Russian,,false,true,false,$866,1,3
212,Aurea,Whitwham,97,area-5,9,1,Hindi,"[{""firstName"":""Sande"",""lastName"":""Capin""}]",false,false,true,$125,20,0
213,Barth,Novotni,39,area-2,1,1,Hindi,"[{""firstName"":""Piotr"",""lastName"":""Claire""},{""firstName"":""Mallorie"",""lastName"":""Hardingham""}]",false,true,false,$188,18,2
214,Jedidiah,Grunguer,48,area-4,5,5,Hindi,,false,false,true,$498,12,0
215,Carolus,Gulk,28,area-5,15,1,Arabic,"[{""firstName"":""Jessika"",""lastName"":""Bedding""}]",true,false,true,$170,5,0
216,Nat,Belin,90,area-5,7,4,Arabic,,false,false,false,$0,0,0
217,Maurine,Hortop,23,area-5,10,2,Mandarin,,true,false,true,$769,1,0
218,Viviyan,Bech,36,area-5,8,2,Arabic,,false,false,true,$916,4,0
219,Odetta,Connor,55,area-5,2,3,Spanish,"[{""firstName"":""Clemmie"",""lastName"":""Rudland""}]",false,true,true,$648,28,3
220,Alvina,Merryman,42,area-1,16,1,Arabic,"[{""firstName"":""Milena"",""lastName"":""Clemence""}]",true,false,false,$444,22,0
221,Kari,Garvill,92,area-4,7,3,Hindi,"[{""firstName"":""Brenda"",""lastName"":""Louth""}]",false,false,false,$0,0,0
222,Garrek,Byles,71,area-5,18,2,English,,false,false,false,$0,0,0
223,Fernande,Bradborne,72,area-5,18,5,Arabic,"[{""firstName"":""Maryjo"",""lastName"":""Pocock""},{""firstName"":""Freeland"",""lastName"":""Beamson""},{""firstName"":""Kearney"",""lastName"":""MacPeice""},{""firstName"":""Bryna"",""lastName"":""Wallman""},{""firstName"":""Sander"",""lastName"":""Fechnie""}]",true,false,true,$360,48,0
224,Ingram,Gallardo,27,area-5,2,3,Hindi,"[{""firstName"":""Trudie"",""lastName"":""Tydd""},{""firstName"":""Hi"",""lastName"":""Tutill""}]",true,true,false,$427,3,2
225,Fredek,Bispham,30,area-4,11,5,Arabic,,true,true,false,$737,1,4
226,Ramon,Hamp,36,area-1,2,2,Arabic,"[{""firstName"":""Neel"",""lastName"":""Gwyn""},{""firstName"":""Cassandry"",""lastName"":""Falconer""},{""firstName"":""Barbra"",""lastName"":""Rosenblad""}]",true,false,false,$678,8,0
227,Trina,Nail,70,area-4,6,3,Arabic,,true,false,false,$690,51,0
228,Cart,Omar,23,area-5,5,2,Arabic,"[{""firstName"":""Jorey"",""lastName"":""Spaight""},{""firstName"":""Derry"",""lastName"":""Overlow""},{""firstName"":""Devlin"",""lastName"":""Brookton""},{""firstName"":""Clio"",""lastName"":""Delooze""},{""firstName"":""Leeland"",""lastName"":""La Vigne""}]",true,true,false,$769,1,2
229,Catlin,Faunch,57,area-4,10,4,Hindi,,false,false,true,$642,34,0
230,Cecily,Garr,61,area-5,5,2,Arabic,,false,true,false,$125,36,1
231,Delphine,Greader,38,area-5,17,2,Russian,,true,false,false,$794,4,0
232,Klara,Mawson,41,area-5,14,1,Arabic,,false,true,false,$513,7,4
233,Pier,Petkov,61,area-5,16,2,Mandarin,,false,true,true,$778,20,3
234,Drucill,Douglas,99,area-4,14,2,Arabic,"[{""firstName"":""Vania"",""lastName"":""Elderton""},{""firstName"":""Wendell"",""lastName"":""Enstone""}]",true,false,false,$491,70,0
235,Britteny,Filipovic,60,area-3,4,1,Arabic,,false,false,false,$0,0,0
236,Archambault,Marchand,92,area-4,12,5,Arabic,,false,true,true,$543,51,4
237,Isak,Beslier,86,area-5,16,2,Arabic,,true,true,false,$566,52,4
238,Rivi,Northill,45,area-5,17,4,Arabic,,true,true,false,$476,17,1
239,Concordia,Hritzko,32,area-3,19,2,Spanish,,true,false,true,$708,11,0
240,Jerrilyn,Liebermann,88,area-5,8,1,Arabic,"[{""firstName"":""Marijn"",""lastName"":""Size""}]",true,true,false,$811,41,2
241,Korry,Smallsman,82,area-4,13,1,Arabic,,true,true,false,$718,11,1
242,Yule,Hollyer,57,area-3,9,5,Russian,,false,true,false,$629,12,1
243,Wynn,Addicote,20,area-5,4,1,Hindi,"[{""firstName"":""Rhody"",""lastName"":""Appleby""}]",true,false,false,$785,1,0
244,Kristo,Flintoft,57,area-3,16,1,Hindi,,false,false,false,$0,0,0
245,Whitney,Walrond,78,area-5,3,2,Arabic,"[{""firstName"":""Ferdy"",""lastName"":""Seago""},{""firstName"":""Hastings"",""lastName"":""Procter""}]",false,false,true,$663,26,0
246,Richie,Isson,60,area-5,2,1,Arabic,"[{""firstName"":""Giovanna"",""lastName"":""Mawdsley""},{""firstName"":""Whitney"",""lastName"":""Brixham""}]",false,true,false,$833,3,1
247,Kinnie,Romayne,90,area-4,2,5,Arabic,"[{""firstName"":""Marwin"",""lastName"":""Cogzell""},{""firstName"":""Herbert"",""lastName"":""Blundan""}]",true,true,false,$168,4,5
248,Mariette,Bothie,41,area-5,19,1,Mandarin,"[{""firstName"":""Hymie"",""lastName"":""Oliver""}]",false,false,false,$0,0,0
249,Pierette,Larwood,100,area-5,12,5,Mandarin,"[{""firstName"":""Margaret"",""lastName"":""Mulryan""}]",false,false,true,$414,77,0
250,Tanney,Glasser,43,area-5,7,3,Arabic,,false,true,true,$942,7,4
251,Dave,Foulks,87,area-5,9,4,Russian,"[{""firstName"":""Merralee"",""lastName"":""Eykelhof""},{""firstName"":""Vanya"",""lastName"":""Benettolo""},{""firstName"":""Terrill"",""lastName"":""Parsand""},{""firstName"":""Jacquetta"",""lastName"":""Willingale""},{""firstName"":""Tawsha"",""lastName"":""Brosoli""}]",false,false,true,$967,43,0
252,Marketa,Sedcole,96,area-5,1,4,Hindi,"[{""firstName"":""Orelie"",""lastName"":""Frogley""}]",true,false,false,$258,12,0
253,Teresa,Bour,33,area-4,9,3,Arabic,,true,false,false,$704,3,0
254,Tillie,Colter,31,area-1,6,4,Mandarin,"[{""firstName"":""Clyde"",""lastName"":""Wharrier""},{""firstName"":""Buckie"",""lastName"":""Clawson""},{""firstName"":""Edgardo"",""lastName"":""Gerding""}]",false,true,false,$897,12,5
255,Odessa,Hardeman,67,area-4,20,1,Hindi,,false,true,true,$184,27,1
256,Elisabetta,Dumigan,36,area-5,12,2,Arabic,"[{""firstName"":""Andres"",""lastName"":""Chattington""},{""firstName"":""Wilhelm"",""lastName"":""Goncaves""}]",true,false,false,$556,12,0
257,Nissy,Higginbottam,22,area-2,9,3,Hindi,"[{""firstName"":""Halimeda"",""lastName"":""Elix""},{""firstName"":""Livvy"",""lastName"":""Sellwood""},{""firstName"":""Carlos"",""lastName"":""Hanwell""},{""firstName"":""Florrie"",""lastName"":""Eldred""}]",true,false,false,$994,0,0
258,Waite,Stork,63,area-4,2,3,Hindi,"[{""firstName"":""Anya"",""lastName"":""Thewless""}]",false,true,true,$185,11,5
259,Urbanus,Howel,23,area-5,13,2,Hindi,,false,false,false,$0,0,0
260,Joanie,Records,93,area-5,19,4,Arabic,"[{""firstName"":""Terry"",""lastName"":""Swabey""},{""firstName"":""Reggie"",""lastName"":""Miko""},{""firstName"":""Lanita"",""lastName"":""Kleanthous""}]",false,false,true,$338,69,0
261,Carrol,Decaze,89,area-1,2,3,Russian,"[{""firstName"":""Vic"",""lastName"":""Face""},{""firstName"":""Duane"",""lastName"":""Scanderet""},{""firstName"":""Elayne"",""lastName"":""Boncore""},{""firstName"":""Araldo"",""lastName"":""Pamment""}]",true,true,true,$520,41,2
262,Theodora,Robarts,33,area-5,2,3,English,,false,false,false,$0,0,0
263,Amery,Chesman,95,area-5,17,3,Arabic,,false,false,false,$0,0,0
264,Meredith,Zannotti,20,area-5,15,4,Arabic,"[{""firstName"":""Isidoro"",""lastName"":""Werner""},{""firstName"":""Justine"",""lastName"":""Possa""},{""firstName"":""Elysee"",""lastName"":""O'Cannon""},{""firstName"":""Glory"",""lastName"":""Soff""}]",false,true,true,$1000,0,3
265,Jeanna,Cockings,74,area-4,7,2,Arabic,,false,true,false,$848,21,5
266,Bentley,Burr,80,area-5,8,5,Arabic,"[{""firstName"":""Ciro"",""lastName"":""Biggam""},{""firstName"":""Rogers"",""lastName"":""Rudeyeard""},{""firstName"":""Powell"",""lastName"":""Corrison""},{""firstName"":""Ring"",""lastName"":""Balderson""}]",false,false,false,$0,0,0
267,Maryanna,Matevosian,83,area-1,8,5,Arabic,"[{""firstName"":""Salomone"",""lastName"":""Harradine""},{""firstName"":""Johnna"",""lastName"":""Baff""}]",false,false,false,$0,0,0
268,Juline,Daulton,31,area-3,16,2,French,"[{""firstName"":""Hamnet"",""lastName"":""Stenet""},{""firstName"":""Marja"",""lastName"":""Joselson""},{""firstName"":""Misti"",""lastName"":""Maha""},{""firstName"":""Joann"",""lastName"":""Peye""}]",true,false,false,$388,5,0
269,Papageno,Hirth,59,area-5,6,5,Arabic,"[{""firstName"":""Weber"",""lastName"":""Blewitt""},{""firstName"":""Payton"",""lastName"":""Bennoe""},{""firstName"":""Pepillo"",""lastName"":""Balint""},{""firstName"":""Sander"",""lastName"":""Walliker""},{""firstName"":""Xymenes"",""lastName"":""Shawyers""}]",false,false,false,$0,0,0
270,Norry,Bremeyer,53,area-5,19,5,Hindi,,false,true,false,$457,8,2
271,Janeczka,Cinnamond,90,area-5,16,1,Arabic,,false,false,false,$0,0,0
272,Dimitry,Langhorn,37,area-5,16,3,Arabic,"[{""firstName"":""Niccolo"",""lastName"":""Hazley""},{""firstName"":""Dyanne"",""lastName"":""Bruck""},{""firstName"":""Jannelle"",""lastName"":""Anstee""},{""firstName"":""Catharine"",""lastName"":""Olivetta""}]",false,false,true,$893,6,0
273,Haily,Bodd,36,area-4,11,1,Arabic,,true,false,false,$337,9,0
274,Aurore,Oliphant,47,area-4,2,3,Arabic,,false,false,false,$0,0,0
275,Randolph,Carstairs,37,area-4,20,5,French,"[{""firstName"":""Gerri"",""lastName"":""Grizard""},{""firstName"":""Tiertza"",""lastName"":""Squirrell""},{""firstName"":""Cherianne"",""lastName"":""Bensusan""},{""firstName"":""Vinson"",""lastName"":""Sea""}]",false,true,true,$667,12,1
276,Sondra,Lyddiatt,74,area-5,3,3,Hindi,"[{""firstName"":""Henri"",""lastName"":""Wetherick""},{""firstName"":""Aprilette"",""lastName"":""Peye""},{""firstName"":""Lavinia"",""lastName"":""Allkins""}]",true,true,false,$241,18,4
277,Hall,Maior,96,area-3,9,3,Hindi,,false,true,false,$312,75,1
278,Misha,Glentz,36,area-5,7,4,Arabic,,false,true,false,$183,2,2
279,Siobhan,Nutter,90,area-2,17,1,Arabic,,false,false,false,$0,0,0
280,Birk,Coare,86,area-4,10,4,Mandarin,,true,false,true,$616,29,0
281,Issiah,Jankin,38,area-4,14,5,Mandarin,,false,false,true,$694,20,0
282,Annora,Craufurd,33,area-5,17,2,Hindi,,true,true,false,$765,1,4
283,Kristoffer,Laskey,75,area-4,9,4,Arabic,"[{""firstName"":""Ricardo"",""lastName"":""Towsie""},{""firstName"":""Phelia"",""lastName"":""Pawelke""}]",false,false,false,$0,0,0
284,Brooke,Triswell,60,area-5,19,4,Arabic,,false,true,false,$751,34,2
285,Mattheus,Trethewey,49,area-4,15,4,Hindi,,true,true,false,$847,23,5
286,Jeanne,Merrington,41,area-3,12,2,Arabic,"[{""firstName"":""Weylin"",""lastName"":""Nendick""},{""firstName"":""Kiel"",""lastName"":""Antrack""},{""firstName"":""Breena"",""lastName"":""Jerred""},{""firstName"":""Roderich"",""lastName"":""Erasmus""}]",false,false,false,$0,0,0
287,Ronnie,Tarver,54,area-5,6,5,Arabic,"[{""firstName"":""Carlyle"",""lastName"":""Malek""},{""firstName"":""Spenser"",""lastName"":""Megarrell""},{""firstName"":""Richy"",""lastName"":""Cottu""},{""firstName"":""Jaymee"",""lastName"":""Endrizzi""}]",true,true,true,$551,33,5
288,Myrle,Layson,28,area-3,6,1,Hindi,,false,false,true,$626,1,0
289,Gael,Coales,46,area-4,1,4,Hindi,"[{""firstName"":""Allissa"",""lastName"":""Rawcliff""},{""firstName"":""Lonny"",""lastName"":""Hargraves""},{""firstName"":""Vaughn"",""lastName"":""Realy""}]",true,true,true,$172,24,1
290,Nikolas,Lewer,78,area-5,11,5,Arabic,,false,true,false,$194,27,4
291,Roxanna,Hirthe,32,area-1,3,1,Hindi,,true,true,false,$995,11,3
292,Stacie,Hatfield,22,area-5,8,1,Hindi,"[{""firstName"":""Riva"",""lastName"":""Grimstead""}]",true,true,true,$235,3,4
293,Leanna,Cattanach,96,area-4,5,4,Russian,"[{""firstName"":""Case"",""lastName"":""Wace""},{""firstName"":""Sherlocke"",""lastName"":""Mersey""}]",true,false,false,$384,37,0
294,Alfredo,Mosdall,81,area-4,8,1,Arabic,"[{""firstName"":""Christiane"",""lastName"":""Eversfield""},{""firstName"":""Jacob"",""lastName"":""Brehat""},{""firstName"":""Teresa"",""lastName"":""Han""},{""firstName"":""Torre"",""lastName"":""McKoy""},{""firstName"":""Verina"",""lastName"":""Marriott""}]",true,false,false,$260,1,0
295,Phylis,Malenoir,25,area-5,19,5,Mandarin,"[{""firstName"":""Magdalena"",""lastName"":""Wailes""}]",true,false,true,$803,5,0
296,Adara,Tesoe,23,area-3,5,1,Arabic,"[{""firstName"":""Paulie"",""lastName"":""Kendell""},{""firstName"":""Mahmud"",""lastName"":""Warret""},{""firstName"":""Nickey"",""lastName"":""Salisbury""},{""firstName"":""Winn"",""lastName"":""FitzGilbert""},{""firstName"":""Domeniga"",""lastName"":""Partlett""}]",true,true,true,$397,5,5
297,Seth,Amorine,75,area-4,3,4,Arabic,,true,true,false,$120,24,5
298,Felicdad,Chalker,37,area-4,16,2,Russian,,true,true,false,$369,3,4
299,Jade,Chellenham,68,area-4,19,3,Hindi,,false,true,false,$605,16,4
300,Dolorita,Naylor,40,area-5,17,4,Hindi,"[{""firstName"":""Mick"",""lastName"":""Lavallie""},{""firstName"":""Irita"",""lastName"":""Burchett""}]",false,false,false,$0,0,0
301,Fanchon,Cereceres,66,area-5,2,1,Arabic,"[{""firstName"":""Myrwyn"",""lastName"":""Thurley""},{""firstName"":""Natka"",""lastName"":""Atton""},{""firstName"":""Cob"",""lastName"":""Middas""},{""firstName"":""Wilona"",""lastName"":""Patton""},{""firstName"":""Hanny"",""lastName"":""Giron""}]",false,true,false,$903,26,3
302,Evaleen,Tuff,45,area-5,5,4,Arabic,,true,true,false,$884,18,3
303,Rollin,Beszant,65,area-5,17,4,Hindi,"[{""firstName"":""Hannis"",""lastName"":""McGovern""},{""firstName"":""Jock"",""lastName"":""Barnwille""},{""firstName"":""Zsa zsa"",""lastName"":""Roizin""},{""firstName"":""Heath"",""lastName"":""Kenewell""}]",false,true,false,$805,45,4
304,Harriette,Pylkynyton,68,area-5,2,1,Arabic,,true,false,false,$270,21,0
305,Karoly,Heiton,57,area-4,20,1,Russian,"[{""firstName"":""Simonne"",""lastName"":""O'Heffernan""},{""firstName"":""Nixie"",""lastName"":""Flooks""},{""firstName"":""Lilith"",""lastName"":""Martinelli""},{""firstName"":""Zorina"",""lastName"":""Leamy""}]",true,false,false,$306,1,0
306,Elbertine,Giacomo,83,area-5,9,3,Mandarin,"[{""firstName"":""Adrien"",""lastName"":""Dillestone""},{""firstName"":""Tim"",""lastName"":""Christophle""},{""firstName"":""Linn"",""lastName"":""Omand""},{""firstName"":""Aymer"",""lastName"":""Oxborrow""}]",false,false,false,$0,0,0
307,Cordell,Gillings,22,area-5,15,3,French,"[{""firstName"":""Gwenora"",""lastName"":""Arkley""},{""firstName"":""Meridel"",""lastName"":""Van Cassel""},{""firstName"":""Geralda"",""lastName"":""Gerhts""},{""firstName"":""Tammy"",""lastName"":""Reeds""}]",false,true,true,$131,4,3
308,Mattheus,Youens,23,area-4,6,1,Arabic,,false,true,true,$574,0,5
309,Pippy,Pankhurst.,35,area-5,7,3,Arabic,"[{""firstName"":""Howie"",""lastName"":""Wintersgill""}]",false,false,false,$0,0,0
310,Maddi,Farran,81,area-3,3,4,Hindi,"[{""firstName"":""Matthias"",""lastName"":""Pennone""},{""firstName"":""Dewie"",""lastName"":""Chalder""},{""firstName"":""Gustav"",""lastName"":""Leyninye""},{""firstName"":""Breena"",""lastName"":""Kainz""}]",true,false,true,$404,33,0
311,Willi,Maestrini,46,area-5,12,2,Russian,,false,false,true,$195,28,0
312,Guglielmo,Tudge,98,area-5,7,2,Arabic,,false,false,false,$0,0,0
313,Chancey,Yexley,83,area-4,9,2,Hindi,"[{""firstName"":""Lorry"",""lastName"":""Ferrieres""},{""firstName"":""Nico"",""lastName"":""O'Doohaine""},{""firstName"":""Doti"",""lastName"":""Partrick""},{""firstName"":""Lorry"",""lastName"":""Clearie""}]",false,false,false,$0,0,0
314,Robinetta,Auchterlonie,44,area-5,14,2,Arabic,,false,true,false,$583,11,2
315,Leela,Jedrzejewicz,96,area-5,15,3,Hindi,,true,false,false,$572,30,0
316,Caldwell,Pacey,69,area-4,2,1,Arabic,"[{""firstName"":""Oberon"",""lastName"":""Turvie""},{""firstName"":""Ardelis"",""lastName"":""Goodered""},{""firstName"":""Douglas"",""lastName"":""Geeraert""}]",true,false,true,$309,1,0
317,Fabe,Rysdale,88,area-4,14,1,Hindi,"[{""firstName"":""Arly"",""lastName"":""Tams""}]",true,true,true,$121,56,1
318,Kelcie,Blincow,53,area-2,17,2,Arabic,"[{""firstName"":""Marcy"",""lastName"":""Triggs""},{""firstName"":""Alyosha"",""lastName"":""Moiser""},{""firstName"":""Pet"",""lastName"":""Drury""},{""firstName"":""Hatty"",""lastName"":""McDuffie""},{""firstName"":""Sanford"",""lastName"":""Rance""}]",false,true,false,$957,28,1
319,Ninnetta,Huws,39,area-4,5,3,Arabic,,false,true,false,$311,17,5
320,Kori,Djurdjevic,53,area-5,14,5,Arabic,,true,false,false,$963,20,0
321,Kellen,Dunford,92,area-4,2,4,Mandarin,"[{""firstName"":""Lula"",""lastName"":""Domke""},{""firstName"":""Kean"",""lastName"":""Dormon""}]",false,true,false,$403,1,3
322,Gusta,Cyphus,38,area-5,7,1,Arabic,"[{""firstName"":""Killian"",""lastName"":""Ripley""},{""firstName"":""Westley"",""lastName"":""Sings""},{""firstName"":""Amandi"",""lastName"":""Costell""}]",true,true,true,$287,13,1
323,Oliy,Benitez,75,area-5,19,5,Arabic,,false,false,false,$0,0,0
324,Wren,Zuppa,99,area-5,14,2,Hindi,,false,false,false,$0,0,0
325,Moyra,Zavattieri,32,area-2,14,1,Arabic,,true,true,true,$176,11,2
326,Titos,Hansod,46,area-5,17,1,French,,true,false,true,$436,17,0
327,Hadrian,Beinisch,58,area-5,14,1,Mandarin,,true,true,true,$631,7,5
328,Dreddy,Baughen,99,area-1,2,1,French,"[{""firstName"":""Ines"",""lastName"":""Piggen""},{""firstName"":""Elly"",""lastName"":""Broadhead""}]",false,false,false,$0,0,0
329,Skippy,Langeley,79,area-3,16,3,Arabic,,true,true,false,$531,53,3
330,Raine,Seiller,68,area-4,6,1,Hindi,,true,true,false,$730,32,1
331,Kassia,Masdon,80,area-5,17,5,Arabic,"[{""firstName"":""Lynnet"",""lastName"":""Surgen""},{""firstName"":""Monte"",""lastName"":""Batman""},{""firstName"":""Sibyl"",""lastName"":""Trewhella""}]",true,true,false,$524,49,5
332,Padraig,Wasmer,66,area-1,10,4,Russian,"[{""firstName"":""Wylie"",""lastName"":""Loftie""},{""firstName"":""Ilario"",""lastName"":""Kinmond""},{""firstName"":""Tyrone"",""lastName"":""Goublier""},{""firstName"":""Barbabas"",""lastName"":""MacSharry""}]",true,true,false,$986,19,5
333,Ailyn,Gurge,63,area-2,1,4,Arabic,,true,false,false,$364,30,0
334,Andi,Neilands,65,area-1,2,2,Arabic,,true,false,false,$996,39,0
335,Carleen,Skellorne,44,area-5,19,5,Arabic,"[{""firstName"":""Krissie"",""lastName"":""Heinemann""},{""firstName"":""Janeczka"",""lastName"":""Croce""},{""firstName"":""Suzanne"",""lastName"":""Yakebovitch""},{""firstName"":""Filippa"",""lastName"":""Akroyd""}]",true,false,true,$368,9,0
336,Loreen,Greeveson,65,area-5,13,1,Arabic,,true,false,true,$519,24,0
337,Stanton,Goodsall,90,area-4,20,4,Spanish,"[{""firstName"":""Aurel"",""lastName"":""Haggus""},{""firstName"":""Georgeanne"",""lastName"":""Kynder""},{""firstName"":""Marya"",""lastName"":""Speechly""}]",false,false,false,$0,0,0
338,Maren,Hamelyn,83,area-4,1,3,Arabic,,false,false,false,$0,0,0
339,Averill,Stonebridge,95,area-4,17,4,Hindi,,true,false,true,$112,11,0
340,Emlyn,De Gowe,93,area-2,19,4,Hindi,,true,true,false,$574,55,3
341,Bat,Zylberdik,81,area-5,10,4,Hindi,"[{""firstName"":""Brennan"",""lastName"":""Wychard""},{""firstName"":""Evangelia"",""lastName"":""Faley""},{""firstName"":""Patten"",""lastName"":""Bellenie""},{""firstName"":""Ana"",""lastName"":""Khosa""}]",true,true,true,$236,16,5
342,Nolly,Magor,71,area-5,10,2,Mandarin,,false,false,false,$0,0,0
343,Killy,Wilton,34,area-4,18,2,Mandarin,"[{""firstName"":""Hannah"",""lastName"":""Kislingbury""},{""firstName"":""Esra"",""lastName"":""Gethings""}]",false,true,true,$505,2,5
344,Bern,Cozins,93,area-5,8,1,Arabic,,true,true,true,$226,16,2
345,Roselle,Stoll,76,area-5,4,3,Arabic,,false,false,true,$438,42,0
346,Adolphus,Ebbett,69,area-3,13,2,Hindi,,true,false,true,$673,23,0
347,Ilyse,Bortoli,63,area-5,7,2,Hindi,,true,false,true,$283,4,0
348,Coreen,Cino,41,area-5,4,2,Russian,"[{""firstName"":""Billy"",""lastName"":""Yekel""},{""firstName"":""Claus"",""lastName"":""Karp""}]",true,true,false,$399,2,5
349,Elisa,Neggrini,66,area-4,11,3,Arabic,"[{""firstName"":""Sinclare"",""lastName"":""McKeowon""},{""firstName"":""Siobhan"",""lastName"":""Pickerell""},{""firstName"":""Lorie"",""lastName"":""Olphert""},{""firstName"":""Dennison"",""lastName"":""Rishbrook""}]",false,false,true,$607,7,0
350,Lorna,Sugge,26,area-5,10,3,Arabic,"[{""firstName"":""Yul"",""lastName"":""Louche""},{""firstName"":""Deana"",""lastName"":""Adin""}]",true,true,true,$895,1,1
351,Abigail,Truggian,44,area-5,19,4,Arabic,"[{""firstName"":""Nilson"",""lastName"":""Goodhew""},{""firstName"":""Leontine"",""lastName"":""De Blasio""},{""firstName"":""Fraser"",""lastName"":""Keir""},{""firstName"":""Clea"",""lastName"":""Clogg""},{""firstName"":""Dene"",""lastName"":""Andriuzzi""}]",false,false,false,$0,0,0
352,Gav,MacChaell,31,area-3,20,3,Arabic,,true,false,false,$236,4,0
353,Ruprecht,Mitie,94,area-5,13,2,Hindi,,false,false,true,$939,27,0
354,Dalton,Cargon,96,area-5,13,5,Arabic,"[{""firstName"":""Cozmo"",""lastName"":""Ferrone""},{""firstName"":""Pollyanna"",""lastName"":""Caddens""},{""firstName"":""Kevina"",""lastName"":""Le Noire""}]",true,false,false,$399,9,0
355,Layne,Keely,98,area-5,1,2,Mandarin,,false,false,false,$0,0,0
356,Dee dee,Chinery,69,area-5,6,2,Mandarin,,false,false,true,$575,24,0
357,Skye,Veillard,62,area-2,19,5,Hindi,"[{""firstName"":""Fae"",""lastName"":""McHale""},{""firstName"":""Ruthie"",""lastName"":""Laven""},{""firstName"":""Zelig"",""lastName"":""Titterrell""}]",true,false,false,$505,36,0
358,Dalia,Ciccarelli,45,area-5,17,2,Mandarin,"[{""firstName"":""Phillida"",""lastName"":""Easbie""}]",false,false,false,$0,0,0
359,Jerald,Cowell,23,area-5,5,2,Mandarin,,false,false,false,$0,0,0
360,Tirrell,Willatts,94,area-4,7,3,Hindi,,true,false,true,$951,30,0
361,Lissi,Curds,34,area-4,3,4,Arabic,,true,true,false,$616,3,1
362,Ennis,Pedden,35,area-4,11,4,Arabic,"[{""firstName"":""Oona"",""lastName"":""Gumly""}]",true,false,false,$365,3,0
363,Amity,Jales,75,area-4,5,1,Russian,,false,false,false,$0,0,0
364,Cleo,McGloughlin,84,area-5,15,5,Arabic,"[{""firstName"":""Travis"",""lastName"":""Hendrix""},{""firstName"":""Bernette"",""lastName"":""Crocombe""}]",true,false,false,$607,32,0
365,Clem,Colnet,21,area-5,5,2,Hindi,,true,true,false,$175,2,3
366,Alia,MacSwayde,27,area-3,14,4,Mandarin,,false,false,false,$0,0,0
367,Susi,Marco,53,area-4,16,5,Arabic,,false,false,true,$105,30,0
368,Dix,Arboine,50,area-5,14,3,Hindi,"[{""firstName"":""Raye"",""lastName"":""Corbin""},{""firstName"":""Freddy"",""lastName"":""Loton""},{""firstName"":""Katharine"",""lastName"":""Caccavella""},{""firstName"":""Nikos"",""lastName"":""Ivan""},{""firstName"":""Martie"",""lastName"":""Darkott""}]",true,true,false,$398,5,2
369,Hallie,Huxster,18,area-3,4,4,Arabic,"[{""firstName"":""Horatius"",""lastName"":""Neasham""},{""firstName"":""Bernice"",""lastName"":""Halbard""}]",false,false,true,$231,0,0
370,Callie,Press,95,area-4,11,1,Arabic,"[{""firstName"":""Jennilee"",""lastName"":""Brannan""},{""firstName"":""Dreddy"",""lastName"":""Erington""}]",true,false,true,$902,40,0
371,Cosmo,Thew,76,area-5,1,5,Arabic,"[{""firstName"":""Zaccaria"",""lastName"":""Biaggelli""},{""firstName"":""Zacharias"",""lastName"":""Jeays""},{""firstName"":""Merwyn"",""lastName"":""Mundow""},{""firstName"":""Neile"",""lastName"":""Fosdick""},{""firstName"":""Dalis"",""lastName"":""Vigurs""}]",false,true,true,$707,37,5
372,Garek,Ferreiro,21,area-5,19,1,Mandarin,,false,false,false,$0,0,0
373,Palm,Ifill,70,area-3,19,2,Hindi,"[{""firstName"":""Cammy"",""lastName"":""Bath""},{""firstName"":""Melany"",""lastName"":""Meuse""},{""firstName"":""Malvina"",""lastName"":""Dahlgren""},{""firstName"":""Aloin"",""lastName"":""Lowndesbrough""},{""firstName"":""Darelle"",""lastName"":""Headington""}]",false,false,true,$113,35,0
374,Charissa,Goodfellow,97,area-4,7,5,Hindi,"[{""firstName"":""Parnell"",""lastName"":""Sturman""},{""firstName"":""Bartholomeo"",""lastName"":""Abrahamovitz""},{""firstName"":""Lacee"",""lastName"":""MacSporran""}]",false,true,false,$412,62,1
375,Juli,Larcombe,93,area-4,2,1,Arabic,,false,false,false,$0,0,0
376,Melanie,Stonner,24,area-3,18,3,Hindi,,false,true,true,$985,1,3
377,Keelia,Deavin,27,area-4,13,1,French,,true,false,false,$692,6,0
378,Emlen,Mathieson,100,area-4,2,4,Arabic,"[{""firstName"":""Baryram"",""lastName"":""Greeding""},{""firstName"":""Ailene"",""lastName"":""Muehler""}]",false,false,true,$378,37,0
379,Rob,Passe,83,area-5,7,2,Mandarin,,true,false,true,$857,7,0
380,Octavius,Plampin,51,area-5,10,2,Hindi,"[{""firstName"":""Brittany"",""lastName"":""Ambrogi""},{""firstName"":""Celie"",""lastName"":""Eirwin""},{""firstName"":""Carmella"",""lastName"":""Poletto""},{""firstName"":""Murray"",""lastName"":""Goodlet""},{""firstName"":""Sallie"",""lastName"":""Cozzi""}]",false,true,false,$723,28,5
381,Glynn,Georgeot,24,area-4,18,1,Arabic,,false,false,false,$0,0,0
382,Mic,De Mitris,69,area-5,19,1,Mandarin,"[{""firstName"":""Andrea"",""lastName"":""McLeod""},{""firstName"":""Anastassia"",""lastName"":""Jaulme""},{""firstName"":""Abbye"",""lastName"":""Fillgate""}]",false,true,false,$517,45,5
383,Adria,Nevet,85,area-3,4,3,Arabic,"[{""firstName"":""Dale"",""lastName"":""Varvell""},{""firstName"":""Knox"",""lastName"":""Hosby""}]",true,true,false,$504,46,2
384,Brent,Derycot,73,area-5,1,5,Mandarin,,true,false,true,$890,27,0
385,Elladine,Drewes,26,area-4,3,3,Hindi,,true,false,false,$861,4,0
386,Rhianon,Rossi,59,area-4,19,2,Arabic,"[{""firstName"":""Morgen"",""lastName"":""Cowpertwait""},{""firstName"":""Aldon"",""lastName"":""Ranahan""},{""firstName"":""Salvador"",""lastName"":""Ornillos""},{""firstName"":""Daisey"",""lastName"":""Gilley""},{""firstName"":""Maryanna"",""lastName"":""Grogan""}]",true,false,true,$114,31,0
387,Odessa,Brook,89,area-3,18,2,Hindi,,true,false,false,$381,5,0
388,Ashlie,Heathcoat,58,area-2,17,1,Arabic,"[{""firstName"":""Rosabelle"",""lastName"":""Johanning""},{""firstName"":""Damita"",""lastName"":""Bulfoy""},{""firstName"":""Ulysses"",""lastName"":""Shadrach""},{""firstName"":""Guenna"",""lastName"":""Rosina""},{""firstName"":""Tasia"",""lastName"":""O'Finan""}]",true,false,true,$174,32,0
389,Faydra,Statersfield,45,area-4,4,4,Arabic,,false,true,true,$740,8,1
390,Wesley,MacGorley,83,area-4,5,1,Russian,,false,false,false,$0,0,0
391,Alyce,Dillaway,81,area-5,11,3,Arabic,,true,true,true,$107,31,2
392,Ryann,Skaife,98,area-4,3,4,Hindi,,true,false,true,$102,45,0
393,Eartha,Rigden,19,area-4,4,4,Mandarin,,false,true,false,$988,1,2
394,Shep,Brislawn,49,area-3,6,1,Arabic,"[{""firstName"":""Aprilette"",""lastName"":""Emtage""},{""firstName"":""Julian"",""lastName"":""Christofol""},{""firstName"":""Kellen"",""lastName"":""Provost""},{""firstName"":""Vevay"",""lastName"":""Norman""},{""firstName"":""Suzann"",""lastName"":""Nobriga""}]",true,false,true,$192,28,0
395,Lorne,Chessun,85,area-2,14,1,Arabic,,true,false,true,$155,23,0
396,Adi,Guerrazzi,45,area-4,13,1,Arabic,,true,false,true,$103,22,0
397,Jerrilyn,Moorwood,78,area-5,10,2,Hindi,,true,false,false,$971,45,0
398,Carmina,Knightsbridge,68,area-3,19,4,French,"[{""firstName"":""Jonathan"",""lastName"":""Copestick""},{""firstName"":""Fae"",""lastName"":""Du Hamel""},{""firstName"":""Whitaker"",""lastName"":""Laybourn""}]",true,true,false,$551,47,3
399,Meier,Leeds,84,area-3,17,2,Hindi,"[{""firstName"":""Skipper"",""lastName"":""Kinney""},{""firstName"":""Revkah"",""lastName"":""Diffley""},{""firstName"":""Tye"",""lastName"":""Harmar""}]",true,true,true,$585,45,3
400,Rutherford,Moncrefe,49,area-5,6,4,Arabic,,false,false,false,$0,0,0
401,Bail,Hakonsson,68,area-4,10,4,Arabic,"[{""firstName"":""Virgina"",""lastName"":""Tournay""},{""firstName"":""Mirna"",""lastName"":""Jury""},{""firstName"":""Bidget"",""lastName"":""Bunny""}]",false,false,false,$0,0,0
402,Coretta,Gregoretti,41,area-5,9,3,English,,false,false,false,$0,0,0
403,Rollin,Tallow,70,area-5,8,2,Hindi,,true,false,false,$464,10,0
404,Yale,Donneely,41,area-4,12,3,Hindi,"[{""firstName"":""Tory"",""lastName"":""Jozsef""}]",false,false,true,$330,6,0
405,Torrance,Itzkin,25,area-4,20,2,Arabic,,false,true,false,$700,1,4
406,Puff,Maffia,80,area-5,3,4,Russian,"[{""firstName"":""Benedikt"",""lastName"":""Rulton""},{""firstName"":""Cesya"",""lastName"":""Elkins""},{""firstName"":""Elisha"",""lastName"":""Vickerstaff""}]",false,true,false,$164,15,4
407,Travus,Ree,88,area-4,18,4,Hindi,,true,false,true,$379,8,0
408,Gertie,Keys,80,area-4,18,2,Hindi,"[{""firstName"":""Hilliard"",""lastName"":""Hayhurst""},{""firstName"":""Eadie"",""lastName"":""Scatchard""},{""firstName"":""Donny"",""lastName"":""Cristofolini""},{""firstName"":""Nerita"",""lastName"":""Gommey""},{""firstName"":""Yetty"",""lastName"":""Karmel""}]",true,true,false,$195,19,2
409,Monah,McCutcheon,61,area-5,15,5,Hindi,"[{""firstName"":""Charles"",""lastName"":""Shortall""}]",false,false,false,$0,0,0
410,Brig,Lamar,37,area-5,16,4,Mandarin,"[{""firstName"":""Joshua"",""lastName"":""Carus""},{""firstName"":""Nanine"",""lastName"":""Totman""}]",true,false,true,$730,18,0
411,Aleece,Klesl,50,area-5,2,5,Arabic,"[{""firstName"":""Eugenio"",""lastName"":""Pell""},{""firstName"":""Tad"",""lastName"":""Margrem""},{""firstName"":""Boony"",""lastName"":""De Bischof""}]",false,true,false,$509,21,5
412,Frederik,Acarson,44,area-5,7,3,Arabic,"[{""firstName"":""Alexandrina"",""lastName"":""Cockling""}]",false,false,false,$0,0,0
413,Rivkah,Tenpenny,22,area-1,17,2,Arabic,,false,true,true,$152,2,4
414,Dani,Dunthorne,57,area-5,12,5,Hindi,"[{""firstName"":""Elsa"",""lastName"":""Arnet""},{""firstName"":""Kaja"",""lastName"":""Jacquest""},{""firstName"":""Flori"",""lastName"":""Gudyer""}]",true,true,true,$438,6,4
415,Deonne,Caulder,43,area-5,4,2,Arabic,,false,false,true,$592,21,0
416,Rickard,Freschini,100,area-5,4,5,Arabic,"[{""firstName"":""Cathyleen"",""lastName"":""Panton""},{""firstName"":""Care"",""lastName"":""Brodeur""},{""firstName"":""Faye"",""lastName"":""Bambery""},{""firstName"":""Koenraad"",""lastName"":""Hassell""},{""firstName"":""Chalmers"",""lastName"":""Clissett""}]",false,true,true,$825,6,5
417,Abramo,Bartelli,90,area-5,6,3,Hindi,,true,true,true,$800,26,1
418,Cissiee,Kidwell,49,area-5,4,4,Arabic,"[{""firstName"":""Gav"",""lastName"":""Bathoe""},{""firstName"":""Ardys"",""lastName"":""Margaritelli""},{""firstName"":""Carolyn"",""lastName"":""Leader""},{""firstName"":""Eula"",""lastName"":""Benardet""},{""firstName"":""Remy"",""lastName"":""Latch""}]",false,true,false,$297,2,5
419,Zilvia,Wedon,44,area-5,6,3,Arabic,"[{""firstName"":""Sophronia"",""lastName"":""Oldman""},{""firstName"":""Caterina"",""lastName"":""Ducker""},{""firstName"":""Kris"",""lastName"":""Guilloud""}]",false,false,false,$0,0,0
420,Velvet,Brigden,90,area-5,17,2,Arabic,"[{""firstName"":""Marlee"",""lastName"":""Whaplington""},{""firstName"":""Berky"",""lastName"":""Reis""}]",true,false,true,$154,51,0
421,Dusty,Foch,45,area-3,6,5,Arabic,"[{""firstName"":""Karyl"",""lastName"":""Vidloc""},{""firstName"":""Adelina"",""lastName"":""Lucy""},{""firstName"":""Calla"",""lastName"":""Sherewood""},{""firstName"":""Hildegarde"",""lastName"":""Dearness""},{""firstName"":""Allan"",""lastName"":""Brislan""}]",false,true,false,$637,0,2
422,Jo ann,Cowp,57,area-5,20,2,Hindi,,true,true,false,$540,10,3
423,Gill,Gagg,19,area-5,6,4,Hindi,,true,true,false,$104,0,1
424,Krishnah,Godspede,34,area-3,5,4,Arabic,"[{""firstName"":""Hillard"",""lastName"":""Lippini""},{""firstName"":""Miles"",""lastName"":""Kingett""}]",false,true,false,$286,3,4
425,Roxi,Dewerson,47,area-5,13,2,Hindi,,false,false,true,$282,3,0
426,Starr,Gabites,25,area-3,16,3,Arabic,,false,true,false,$845,1,4
427,Benedetto,Pennini,54,area-3,12,2,Mandarin,,true,true,false,$786,6,4
428,De,Wanley,51,area-1,1,5,Mandarin,"[{""firstName"":""Tasia"",""lastName"":""Brewin""},{""firstName"":""Raeann"",""lastName"":""Braizier""},{""firstName"":""Shermie"",""lastName"":""Duester""},{""firstName"":""Valida"",""lastName"":""Tuson""}]",true,true,false,$930,15,1
429,Abbot,Paton,57,area-5,4,3,Arabic,,true,true,false,$378,16,5
430,Leanna,Hardin,24,area-4,17,3,Arabic,"[{""firstName"":""Philis"",""lastName"":""Cranshaw""},{""firstName"":""Geoffrey"",""lastName"":""Cunniam""},{""firstName"":""Rachele"",""lastName"":""Minchin""},{""firstName"":""Oneida"",""lastName"":""Mulkerrins""}]",true,false,false,$821,2,0
431,Desi,Etherson,67,area-5,5,4,Arabic,,false,true,true,$769,3,1
432,Harriott,Joesbury,46,area-4,18,4,Arabic,,false,false,false,$0,0,0
433,Cissy,Pate,79,area-4,11,2,Russian,,true,true,true,$570,31,4
434,Latrina,Reuven,45,area-5,8,3,English,"[{""firstName"":""Cora"",""lastName"":""Brinkler""},{""firstName"":""Nikaniki"",""lastName"":""Held""}]",false,false,true,$334,27,0
435,Lilllie,Stodhart,19,area-4,13,1,Arabic,,false,false,true,$943,1,0
436,Abdul,Strathman,72,area-5,8,1,Hindi,,false,false,false,$0,0,0
437,Arturo,Attock,76,area-5,4,3,Hindi,"[{""firstName"":""Mariele"",""lastName"":""Willman""}]",false,true,false,$188,3,3
438,Eve,Huckleby,50,area-4,9,1,Arabic,"[{""firstName"":""Goldina"",""lastName"":""de la Tremoille""},{""firstName"":""Hogan"",""lastName"":""Lovelady""}]",true,true,false,$650,2,5
439,Jaime,Jeffery,79,area-5,9,5,Arabic,"[{""firstName"":""Sharai"",""lastName"":""Savin""},{""firstName"":""Trudi"",""lastName"":""Yair""},{""firstName"":""Isobel"",""lastName"":""Leavesley""},{""firstName"":""Paige"",""lastName"":""MacRonald""},{""firstName"":""Zeke"",""lastName"":""McTerlagh""}]",true,true,true,$899,60,2
440,Marion,Verlander,59,area-3,17,4,Arabic,,false,false,true,$598,3,0
441,Brit,Sheed,91,area-4,3,5,Arabic,,false,false,true,$835,18,0
442,Lorena,Cosley,85,area-5,20,1,Russian,"[{""firstName"":""Suzie"",""lastName"":""Bellhanger""},{""firstName"":""Marcus"",""lastName"":""Tobias""},{""firstName"":""Gisele"",""lastName"":""Glass""},{""firstName"":""Cosetta"",""lastName"":""Sterrick""},{""firstName"":""May"",""lastName"":""Brackstone""}]",false,true,true,$872,42,2
443,Demetris,Arnatt,25,area-5,18,4,Hindi,,true,true,false,$562,3,2
444,Gilly,De Vaar,56,area-2,4,2,Hindi,,false,true,false,$351,0,3
445,Skip,Dysart,50,area-5,10,3,Mandarin,"[{""firstName"":""Marjie"",""lastName"":""Olivi""},{""firstName"":""Solomon"",""lastName"":""Fielden""},{""firstName"":""Brittney"",""lastName"":""Doree""},{""firstName"":""Sigfried"",""lastName"":""Meagh""}]",true,false,true,$995,15,0
446,Kesley,Ivie,53,area-4,14,2,French,,true,false,false,$668,12,0
447,Karel,Ferry,81,area-4,17,3,Arabic,,true,false,true,$588,48,0
448,Paule,Skillings,72,area-2,19,5,English,"[{""firstName"":""Aindrea"",""lastName"":""Broske""},{""firstName"":""Wildon"",""lastName"":""Ambrogetti""},{""firstName"":""Elvina"",""lastName"":""Dulany""}]",false,false,false,$0,0,0
449,Dniren,Jubb,54,area-4,14,1,Arabic,"[{""firstName"":""Ofilia"",""lastName"":""Silkston""},{""firstName"":""Reeva"",""lastName"":""Blackborow""},{""firstName"":""Baryram"",""lastName"":""Scrowson""},{""firstName"":""Uri"",""lastName"":""Probbing""},{""firstName"":""Tracy"",""lastName"":""Rimour""}]",false,false,false,$0,0,0
450,Hyman,Krzysztof,60,area-4,13,5,Hindi,"[{""firstName"":""Daisey"",""lastName"":""Greenhall""},{""firstName"":""Gerick"",""lastName"":""Drew""},{""firstName"":""Elie"",""lastName"":""Audiss""},{""firstName"":""Shelly"",""lastName"":""Gales""}]",false,true,true,$278,7,4
451,Concettina,Farleigh,81,area-5,11,2,Arabic,,false,true,true,$877,41,5
452,Jeni,Gotcher,88,area-5,13,4,Arabic,,false,false,false,$0,0,0
453,Bartlet,Hopewell,67,area-5,13,4,Mandarin,"[{""firstName"":""Arlen"",""lastName"":""Jahnel""},{""firstName"":""Ellis"",""lastName"":""Snalom""},{""firstName"":""Maud"",""lastName"":""Temperton""},{""firstName"":""Xenia"",""lastName"":""Stolli""}]",true,false,false,$592,18,0
454,Freedman,Petrescu,26,area-4,18,5,Arabic,"[{""firstName"":""Willem"",""lastName"":""Oxtarby""},{""firstName"":""Alford"",""lastName"":""Iacomettii""},{""firstName"":""Judas"",""lastName"":""Sallowaye""}]",true,true,false,$407,2,1
455,Chalmers,O'Loughane,41,area-4,4,4,Arabic,,true,false,true,$533,4,0
456,Rudyard,Dunphy,71,area-5,6,4,Hindi,"[{""firstName"":""Michelina"",""lastName"":""Hawyes""},{""firstName"":""Geoffrey"",""lastName"":""Connealy""},{""firstName"":""Husein"",""lastName"":""Clewlow""}]",true,false,false,$134,18,0
457,Bran,McDonnell,68,area-5,3,3,Arabic,"[{""firstName"":""Trace"",""lastName"":""Younghusband""},{""firstName"":""Elisabetta"",""lastName"":""Hedgeley""},{""firstName"":""Kristen"",""lastName"":""Savage""},{""firstName"":""Mirelle"",""lastName"":""Dimbleby""}]",false,true,false,$208,6,5
458,Roshelle,Hallick,97,area-5,5,2,Hindi,,true,true,true,$709,57,3
459,Janna,Kopman,93,area-3,9,2,Mandarin,,true,true,false,$450,5,2
460,Hobey,Iredale,85,area-1,17,4,Arabic,"[{""firstName"":""Corrie"",""lastName"":""Ferrarotti""},{""firstName"":""Marina"",""lastName"":""Hardy""},{""firstName"":""Ricard"",""lastName"":""Begwell""},{""firstName"":""Rorke"",""lastName"":""Dominey""},{""firstName"":""Blayne"",""lastName"":""Blaver""}]",false,true,true,$826,46,4
461,Alphonso,De Carteret,40,area-4,8,2,Arabic,,false,true,false,$524,11,5
462,Ellynn,Leek,55,area-5,13,5,Arabic,"[{""firstName"":""Corrina"",""lastName"":""Jeenes""},{""firstName"":""Modesta"",""lastName"":""Cleatherow""},{""firstName"":""Berrie"",""lastName"":""Ortas""}]",false,true,true,$798,3,1
463,Josiah,Gladbach,83,area-5,10,1,Arabic,,true,false,false,$549,24,0
464,Ruthy,Capstack,100,area-5,14,3,Arabic,"[{""firstName"":""Rikki"",""lastName"":""Byrom""},{""firstName"":""Shalna"",""lastName"":""Jandourek""},{""firstName"":""Anna-diane"",""lastName"":""Stitson""}]",true,true,true,$813,18,1
465,Lanna,Riveles,59,area-5,19,5,Hindi,"[{""firstName"":""Zedekiah"",""lastName"":""Monument""},{""firstName"":""Fifi"",""lastName"":""Burnes""},{""firstName"":""James"",""lastName"":""Ivett""}]",true,false,true,$435,24,0
466,Tymothy,Tilzey,99,area-5,14,5,Arabic,,false,true,true,$690,16,1
467,Rodd,Gatecliff,90,area-5,18,3,Mandarin,"[{""firstName"":""Jayson"",""lastName"":""Scholar""},{""firstName"":""Wylma"",""lastName"":""Mongeot""}]",true,true,false,$117,71,4
468,Karol,Poytress,47,area-5,8,4,Mandarin,,false,false,false,$0,0,0
469,Arlin,Drinkhill,48,area-1,10,2,Mandarin,"[{""firstName"":""Palmer"",""lastName"":""Garwell""},{""firstName"":""Electra"",""lastName"":""Alstead""},{""firstName"":""Opalina"",""lastName"":""Pierson""},{""firstName"":""Cal"",""lastName"":""Hauxby""},{""firstName"":""Etheline"",""lastName"":""Kinker""}]",true,false,true,$543,16,0
470,Gunilla,Dissman,72,area-5,9,5,Arabic,"[{""firstName"":""Sonia"",""lastName"":""Akrigg""},{""firstName"":""Bing"",""lastName"":""Minogue""},{""firstName"":""Genevieve"",""lastName"":""Foldes""}]",true,true,false,$678,27,4
471,Peri,Schultes,18,area-5,16,1,Hindi,,false,false,false,$0,0,0
472,Selby,Scarsbrooke,24,area-1,14,2,Spanish,"[{""firstName"":""Thayne"",""lastName"":""Georgeon""},{""firstName"":""Barbabra"",""lastName"":""Pattinson""},{""firstName"":""Gabriella"",""lastName"":""Draysay""},{""firstName"":""Pinchas"",""lastName"":""Stockey""}]",true,true,true,$750,1,1
473,Marietta,Pendergast,64,area-3,3,2,Mandarin,,false,true,false,$855,45,2
474,Lorette,Late,88,area-1,19,4,Hindi,"[{""firstName"":""Ayn"",""lastName"":""Berntssen""},{""firstName"":""Maurie"",""lastName"":""McWhan""},{""firstName"":""Etti"",""lastName"":""Guiness""},{""firstName"":""Kendal"",""lastName"":""Antczak""}]",false,false,true,$891,59,0
475,Mark,Frogley,81,area-4,6,3,Mandarin,"[{""firstName"":""Cindi"",""lastName"":""Mendel""},{""firstName"":""Robinson"",""lastName"":""Lyard""},{""firstName"":""Malory"",""lastName"":""D'orsay""}]",false,false,false,$0,0,0
476,Kizzee,Bullivant,37,area-3,13,1,Mandarin,,true,false,true,$521,3,0
477,Ediva,Kitchenman,75,area-5,20,1,Spanish,,true,true,false,$303,19,4
478,Bevan,Bakhrushkin,44,area-5,8,2,Arabic,"[{""firstName"":""Kerr"",""lastName"":""Pimbley""}]",true,true,false,$544,4,5
479,Maddy,Adan,58,area-3,20,5,Hindi,"[{""firstName"":""Ursulina"",""lastName"":""Coldman""},{""firstName"":""Mannie"",""lastName"":""Winyard""},{""firstName"":""Hewet"",""lastName"":""Yearne""},{""firstName"":""Ambrosius"",""lastName"":""Ferrini""}]",true,true,true,$356,10,1
480,Shirline,Egdale,34,area-5,2,4,Hindi,"[{""firstName"":""Lorette"",""lastName"":""Perrat""},{""firstName"":""Denice"",""lastName"":""Bourdas""}]",false,true,true,$134,12,1
481,Cordy,Rist,23,area-4,15,4,Arabic,,true,false,true,$938,0,0
482,Arnoldo,Fitchell,80,area-5,7,2,Arabic,"[{""firstName"":""Milli"",""lastName"":""Fulford""},{""firstName"":""Neda"",""lastName"":""Wiles""},{""firstName"":""Nicolette"",""lastName"":""Logesdale""}]",true,false,true,$343,58,0
483,Georgianne,Parsall,88,area-5,4,1,Arabic,,true,true,false,$596,66,2
484,Bevvy,Cawker,82,area-5,4,2,Hindi,,true,true,true,$456,39,5
485,Ann-marie,Boulder,41,area-5,12,3,Hindi,"[{""firstName"":""Karolina"",""lastName"":""Dauney""},{""firstName"":""Breanne"",""lastName"":""Ference""}]",false,false,false,$0,0,0
486,Bary,Sterry,21,area-2,11,1,Hindi,"[{""firstName"":""Etti"",""lastName"":""Isakovic""},{""firstName"":""Inness"",""lastName"":""Greenhouse""}]",false,true,true,$997,0,4
487,Dode,Spinella,86,area-5,8,2,Mandarin,,true,true,true,$901,66,5
488,Alva,Ashmore,98,area-2,7,4,Hindi,"[{""firstName"":""Sacha"",""lastName"":""Gutsell""},{""firstName"":""Nikki"",""lastName"":""Glassborow""},{""firstName"":""Harmonie"",""lastName"":""Simmens""},{""firstName"":""Sean"",""lastName"":""Tilte""},{""firstName"":""Cindie"",""lastName"":""Pellissier""}]",true,false,true,$474,43,0
489,Briana,Larter,44,area-5,15,3,Arabic,,false,false,false,$0,0,0
490,Vasili,McQuilkin,57,area-5,2,5,Arabic,"[{""firstName"":""Elvera"",""lastName"":""Hatzar""},{""firstName"":""Zarla"",""lastName"":""Patriche""},{""firstName"":""Alys"",""lastName"":""Lord""}]",false,false,false,$0,0,0
491,Amandie,Beardsdale,77,area-5,16,5,Arabic,,false,false,false,$0,0,0
492,Melissa,Moorton,91,area-5,19,3,Arabic,,false,false,true,$465,28,0
493,Claudie,Grzes,62,area-5,20,4,Arabic,"[{""firstName"":""Stanislaw"",""lastName"":""Simper""},{""firstName"":""Carrol"",""lastName"":""Nono""},{""firstName"":""Devora"",""lastName"":""Attaway""}]",true,true,false,$393,40,1
494,Caspar,Want,19,area-5,8,4,Arabic,"[{""firstName"":""Tana"",""lastName"":""Bembrick""},{""firstName"":""Chaddie"",""lastName"":""Bagehot""},{""firstName"":""Joann"",""lastName"":""Geffe""}]",true,true,false,$723,1,1
495,Lauren,Stewart,72,area-3,2,2,Arabic,"[{""firstName"":""Andree"",""lastName"":""Levesley""},{""firstName"":""Thomasin"",""lastName"":""Jereatt""},{""firstName"":""Cherise"",""lastName"":""Hanhard""}]",true,true,false,$465,52,1
496,Brina,Casterou,42,area-1,19,2,Arabic,"[{""firstName"":""Sydney"",""lastName"":""Murr""},{""firstName"":""Cleve"",""lastName"":""Snartt""}]",false,false,false,$0,0,0
497,Gavan,Fargher,94,area-3,20,4,Arabic,,true,false,false,$323,47,0
498,Ofella,Winkless,63,area-5,17,2,Arabic,,false,true,true,$613,25,2
499,Cammy,Leffek,23,area-5,2,1,English,"[{""firstName"":""Phyllis"",""lastName"":""Stokell""},{""firstName"":""Lurleen"",""lastName"":""Gittis""},{""firstName"":""Bern"",""lastName"":""Lisett""}]",true,true,false,$674,5,3
500,Lorin,Charles,31,area-4,15,3,Arabic,"[{""firstName"":""Piggy"",""lastName"":""Hymor""},{""firstName"":""Ursala"",""lastName"":""Crumbie""},{""firstName"":""Ingamar"",""lastName"":""Churching""},{""firstName"":""Easter"",""lastName"":""Blaskett""},{""firstName"":""Cathie"",""lastName"":""Simmig""}]",true,false,false,$658,2,0
